season,home_team_name,away_team_name,full_time_result,home_goals,away_goals,half_time_HOME_Team_score,half_time_Away_Team_score
2014,Arsenal,Crystal Palace,H,2,1,1,1
2014,Burnley,Chelsea,A,1,3,1,3
2014,Leicester,Everton,D,2,2,1,2
2014,Liverpool,Southampton,H,2,1,1,0
2014,Manchester United,Swansea,A,1,2,0,1
2014,Newcastle United,Manchester City,A,0,2,0,1
2014,Queens Park Rangers,Hull,A,0,1,0,0
2014,Stoke,Aston Villa,A,0,1,0,0
2014,West Bromwich Albion,Sunderland,D,2,2,1,1
2014,West Ham,Tottenham,A,0,1,0,0
2014,Aston Villa,Newcastle United,D,0,0,0,0
2014,Chelsea,Leicester,H,2,0,0,0
2014,Crystal Palace,West Ham,A,1,3,0,2
2014,Everton,Arsenal,D,2,2,2,0
2014,Hull,Stoke,D,1,1,1,0
2014,Manchester City,Liverpool,H,3,1,1,0
2014,Southampton,West Bromwich Albion,D,0,0,0,0
2014,Sunderland,Manchester United,D,1,1,1,1
2014,Swansea,Burnley,H,1,0,1,0
2014,Tottenham,Queens Park Rangers,H,4,0,3,0
2014,Aston Villa,Hull,H,2,1,2,0
2014,Burnley,Manchester United,D,0,0,0,0
2014,Everton,Chelsea,A,3,6,1,2
2014,Leicester,Arsenal,D,1,1,1,1
2014,Manchester City,Stoke,A,0,1,0,0
2014,Newcastle United,Crystal Palace,D,3,3,1,1
2014,Queens Park Rangers,Sunderland,H,1,0,1,0
2014,Swansea,West Bromwich Albion,H,3,0,2,0
2014,Tottenham,Liverpool,A,0,3,0,1
2014,West Ham,Southampton,A,1,3,1,1
2014,Arsenal,Manchester City,D,2,2,0,1
2014,Chelsea,Swansea,H,4,2,1,1
2014,Crystal Palace,Burnley,D,0,0,0,0
2014,Hull,West Ham,D,2,2,1,0
2014,Liverpool,Aston Villa,A,0,1,0,1
2014,Manchester United,Queens Park Rangers,H,4,0,3,0
2014,Southampton,Newcastle United,H,4,0,2,0
2014,Stoke,Leicester,A,0,1,0,0
2014,Sunderland,Tottenham,D,2,2,1,1
2014,West Bromwich Albion,Everton,A,0,2,0,1
2014,Aston Villa,Arsenal,A,0,3,0,3
2014,Burnley,Sunderland,D,0,0,0,0
2014,Everton,Crystal Palace,A,2,3,1,1
2014,Leicester,Manchester United,H,5,3,1,2
2014,Manchester City,Chelsea,D,1,1,0,0
2014,Newcastle United,Hull,D,2,2,0,0
2014,Queens Park Rangers,Stoke,D,2,2,1,1
2014,Swansea,Southampton,A,0,1,0,0
2014,Tottenham,West Bromwich Albion,A,0,1,0,0
2014,West Ham,Liverpool,H,3,1,2,1
2014,Arsenal,Tottenham,D,1,1,0,0
2014,Chelsea,Aston Villa,H,3,0,1,0
2014,Crystal Palace,Leicester,H,2,0,0,0
2014,Hull,Manchester City,A,2,4,2,2
2014,Liverpool,Everton,D,1,1,0,0
2014,Manchester United,West Ham,H,2,1,2,1
2014,Southampton,Queens Park Rangers,H,2,1,0,0
2014,Stoke,Newcastle United,H,1,0,1,0
2014,Sunderland,Swansea,D,0,0,0,0
2014,West Bromwich Albion,Burnley,H,4,0,2,0
2014,Leicester,West Bromwich Albion,A,0,1,0,0
2014,West Ham,Aston Villa,D,0,0,0,0
2014,Southampton,Stoke,H,1,0,1,0
2014,Manchester City,Manchester United,H,1,0,0,0
2014,Arsenal,Manchester United,A,1,2,0,0
2014,Burnley,West Ham,A,1,3,0,0
2014,Sunderland,Arsenal,A,0,2,0,1
2014,Newcastle United,Liverpool,H,1,0,0,0
2014,Aston Villa,Southampton,D,1,1,1,0
2014,Crystal Palace,Chelsea,A,1,2,0,1
2014,Swansea,Leicester,H,2,0,1,0
2014,Stoke,West Ham,D,2,2,1,0
2014,Chelsea,West Bromwich Albion,H,2,0,2,0
2014,Everton,Aston Villa,H,3,0,1,0
2014,Tottenham,Newcastle United,A,1,2,1,0
2014,Burnley,Hull,H,1,0,0,0
2014,Crystal Palace,Liverpool,H,3,1,1,1
2014,Manchester City,Tottenham,H,4,1,2,1
2014,West Bromwich Albion,Crystal Palace,D,2,2,0,2
2014,Liverpool,Chelsea,A,1,2,1,1
2014,Everton,West Ham,H,2,1,1,0
2014,Newcastle United,Leicester,H,1,0,0,0
2014,Aston Villa,Manchester City,A,0,2,0,0
2014,West Ham,Manchester City,H,2,1,1,0
2014,Manchester United,Crystal Palace,H,1,0,0,0
2014,Hull,Tottenham,A,1,2,1,0
2014,Queens Park Rangers,Liverpool,A,2,3,0,0
2014,Chelsea,Arsenal,H,2,0,1,0
2014,Arsenal,Burnley,H,3,0,0,0
2014,Queens Park Rangers,Manchester City,D,2,2,1,1
2014,Leicester,Sunderland,D,0,0,0,0
2014,Southampton,Sunderland,H,8,0,3,0
2014,Hull,Crystal Palace,H,2,0,0,0
2014,Aston Villa,Tottenham,A,1,2,1,0
2014,Southampton,Leicester,H,2,0,0,0
2014,Manchester City,Swansea,H,2,1,1,1
2014,Stoke,Swansea,H,2,1,1,1
2014,Leicester,Burnley,D,2,2,2,1
2014,Chelsea,Queens Park Rangers,H,2,1,1,0
2014,Sunderland,Everton,D,1,1,0,0
2014,Newcastle United,Queens Park Rangers,H,1,0,0,0
2014,West Bromwich Albion,Manchester United,D,2,2,1,0
2014,Liverpool,West Bromwich Albion,H,2,1,1,0
2014,Crystal Palace,Sunderland,A,1,3,0,1
2014,Swansea,Arsenal,H,2,1,0,0
2014,Stoke,Burnley,A,1,2,1,2
2014,Burnley,Everton,A,1,3,1,2
2014,Manchester United,Everton,H,2,1,1,0
2014,Everton,Swansea,D,0,0,0,0
2014,Tottenham,Stoke,A,1,2,0,2
2014,Burnley,Aston Villa,D,1,1,0,1
2014,Liverpool,Hull,D,0,0,0,0
2014,Sunderland,Stoke,H,3,1,2,1
2014,Hull,Southampton,A,0,1,0,1
2014,West Bromwich Albion,Newcastle United,A,0,2,0,1
2014,Burnley,Queens Park Rangers,H,2,1,2,1
2014,Manchester United,Chelsea,D,1,1,0,0
2014,Swansea,Newcastle United,D,2,2,1,1
2014,West Ham,Swansea,H,3,1,1,1
2014,Crystal Palace,Southampton,A,1,3,0,1
2014,Chelsea,Newcastle United,H,2,0,1,0
2014,Queens Park Rangers,Aston Villa,H,2,0,1,0
2014,Tottenham,Southampton,H,1,0,1,0
2014,Arsenal,Newcastle United,H,4,1,1,0
2014,Everton,Stoke,A,0,1,0,1
2014,Crystal Palace,Tottenham,H,2,1,0,0
2014,Burnley,Southampton,H,1,0,0,0
2014,West Ham,Queens Park Rangers,H,2,0,1,0
2014,Leicester,Tottenham,A,1,2,0,1
2014,Everton,Manchester City,D,1,1,0,0
2014,Chelsea,Hull,H,2,0,1,0
2014,Arsenal,Hull,D,2,2,1,1
2014,Liverpool,Stoke,H,1,0,0,0
2014,Manchester United,Newcastle United,H,3,1,2,0
2014,Leicester,Aston Villa,H,1,0,1,0
2014,Crystal Palace,Stoke,D,1,1,1,1
2014,Manchester United,Hull,H,3,0,2,0
2014,Sunderland,Hull,A,1,3,1,1
2014,Manchester United,Southampton,A,0,1,0,0
2014,Everton,Queens Park Rangers,H,3,1,2,0
2014,Queens Park Rangers,Leicester,H,3,2,2,1
2014,Swansea,Aston Villa,H,1,0,1,0
2014,Sunderland,Liverpool,A,0,1,0,1
2014,Leicester,Manchester City,A,0,1,0,1
2014,Southampton,Manchester City,A,0,3,0,0
2014,West Bromwich Albion,Manchester City,A,1,3,0,3
2014,Swansea,West Ham,D,1,1,0,1
2014,Manchester United,Liverpool,H,3,0,2,0
2014,Sunderland,Chelsea,D,0,0,0,0
2014,Aston Villa,Sunderland,D,0,0,0,0
2014,West Bromwich Albion,Hull,H,1,0,0,0
2014,Sunderland,West Ham,D,1,1,1,1
2014,Swansea,Crystal Palace,D,1,1,1,1
2014,Hull,Leicester,A,0,1,0,1
2014,Aston Villa,Liverpool,A,0,2,0,1
2014,Swansea,Tottenham,A,1,2,0,1
2014,Tottenham,Everton,H,2,1,2,1
2014,Liverpool,Swansea,H,4,1,1,0
2014,Burnley,Crystal Palace,A,2,3,2,1
2014,West Bromwich Albion,Aston Villa,H,1,0,0,0
2014,West Bromwich Albion,Arsenal,A,0,1,0,0
2014,Manchester City,Burnley,D,2,2,2,0
2014,Everton,West Bromwich Albion,D,0,0,0,0
2014,Aston Villa,Manchester United,D,1,1,1,0
2014,West Ham,Newcastle United,H,1,0,0,0
2014,Newcastle United,Everton,H,3,2,1,1
2014,Leicester,Stoke,A,0,1,0,0
2014,Hull,Swansea,A,0,1,0,1
2014,Arsenal,Southampton,H,1,0,0,0
2014,Queens Park Rangers,Crystal Palace,D,0,0,0,0
2014,Manchester City,Arsenal,A,0,2,0,1
2014,Liverpool,Arsenal,D,2,2,1,1
2014,Burnley,Newcastle United,D,1,1,1,0
2014,Southampton,Chelsea,D,1,1,1,1
2014,Newcastle United,Southampton,A,1,2,1,1
2014,Manchester City,Crystal Palace,H,3,0,0,0
2014,Leicester,Liverpool,A,1,3,1,1
2014,Stoke,West Bromwich Albion,H,2,0,0,0
2014,Queens Park Rangers,Manchester United,A,0,2,0,0
2014,Newcastle United,Sunderland,A,0,1,0,0
2014,Manchester United,Stoke,H,2,1,1,1
2014,Tottenham,Manchester United,D,0,0,0,0
2014,Swansea,Chelsea,A,0,5,0,4
2014,Queens Park Rangers,West Bromwich Albion,H,3,2,1,2
2014,Swansea,Queens Park Rangers,H,2,0,0,0
2014,West Ham,Arsenal,A,1,2,0,2
2014,Tottenham,Sunderland,H,2,1,1,1
2014,Southampton,Everton,H,3,0,1,0
2014,Crystal Palace,Aston Villa,A,0,1,0,1
2014,Aston Villa,Crystal Palace,D,0,0,0,0
2014,West Ham,Hull,H,3,0,0,0
2014,Stoke,Chelsea,A,0,2,0,1
2014,West Bromwich Albion,West Ham,A,1,2,1,2
2014,Hull,Everton,H,2,0,2,0
2014,Arsenal,Aston Villa,H,5,0,1,0
2014,Tottenham,Burnley,H,2,1,2,1
2014,Chelsea,Tottenham,H,3,0,2,0
2014,Liverpool,Leicester,D,2,2,2,0
2014,Chelsea,Manchester City,D,1,1,1,1
2014,West Ham,Leicester,H,2,0,1,0
2014,Everton,Hull,D,1,1,1,0
2014,Manchester City,Sunderland,H,3,2,0,0
2014,Crystal Palace,Everton,A,0,1,0,1
2014,Arsenal,Queens Park Rangers,H,2,1,1,0
2014,Sunderland,Manchester City,A,1,4,1,2
2014,Newcastle United,Burnley,D,3,3,2,1
2014,Burnley,Liverpool,A,0,1,0,0
2014,Aston Villa,Leicester,H,2,1,1,1
2014,Queens Park Rangers,Swansea,D,1,1,1,0
2014,Chelsea,West Ham,H,2,0,1,0
2014,Hull,West Bromwich Albion,D,0,0,0,0
2014,Southampton,Arsenal,H,2,0,1,0
2014,Liverpool,Sunderland,D,0,0,0,0
2014,Stoke,Manchester United,D,1,1,1,1
2014,Manchester City,Everton,H,1,0,1,0
2014,Tottenham,Chelsea,H,5,3,3,1
2014,Newcastle United,Chelsea,H,2,1,0,0
2014,West Ham,West Bromwich Albion,D,1,1,1,1
2014,Queens Park Rangers,Burnley,H,2,0,0,0
2014,Arsenal,Stoke,H,3,0,2,0
2014,Southampton,Manchester United,A,1,2,1,1
2014,Stoke,Arsenal,H,3,2,3,0
2014,Tottenham,Crystal Palace,D,0,0,0,0
2014,Stoke,Sunderland,D,1,1,1,1
2014,Crystal Palace,West Bromwich Albion,A,0,2,0,1
2014,Aston Villa,West Ham,H,1,0,1,0
2014,West Bromwich Albion,Liverpool,D,0,0,0,0
2014,Manchester United,Tottenham,H,3,0,3,0
2014,Manchester United,Manchester City,H,4,2,2,1
2014,Tottenham,Leicester,H,4,3,2,1
2014,Queens Park Rangers,Newcastle United,H,2,1,0,1
2014,Southampton,Crystal Palace,H,1,0,0,0
2014,Chelsea,Liverpool,D,1,1,1,1
2014,Everton,Burnley,H,1,0,1,0
2014,Aston Villa,Everton,H,3,2,2,0
2014,Sunderland,Aston Villa,A,0,4,0,4
2014,Queens Park Rangers,Chelsea,A,0,1,0,0
2014,West Ham,Sunderland,H,1,0,0,0
2014,Southampton,Aston Villa,H,6,1,5,1
2014,West Ham,Chelsea,A,0,1,0,1
2014,Crystal Palace,Manchester United,A,1,2,0,1
2014,Hull,Liverpool,H,1,0,1,0
2014,Chelsea,Crystal Palace,H,1,0,1,0
2014,Swansea,Liverpool,A,0,1,0,0
2014,Southampton,Hull,H,2,0,0,0
2014,Arsenal,Liverpool,H,4,1,3,0
2014,Sunderland,Leicester,D,0,0,0,0
2014,Liverpool,Burnley,H,2,0,1,0
2014,Everton,Sunderland,A,0,2,0,0
2014,Leicester,Swansea,H,2,0,1,0
2014,Hull,Arsenal,A,1,3,0,3
2014,West Bromwich Albion,Stoke,H,1,0,1,0
2014,Sunderland,Crystal Palace,A,1,4,0,0
2014,Burnley,Tottenham,D,0,0,0,0
2014,Swansea,Manchester City,A,2,4,1,2
2014,Manchester City,Leicester,H,2,0,1,0
2014,Hull,Burnley,A,0,1,0,0
2014,Manchester City,West Ham,H,2,0,2,0
2014,Leicester,Newcastle United,H,3,0,2,0
2014,Aston Villa,Swansea,A,0,1,0,0
2014,Swansea,Everton,D,1,1,0,1
2014,Chelsea,Stoke,H,2,1,1,1
2014,Tottenham,Hull,H,2,0,0,0
2014,Newcastle United,Manchester United,A,0,1,0,0
2014,Leicester,Southampton,H,2,0,2,0
2014,Newcastle United,Tottenham,A,1,3,0,1
2014,Liverpool,Queens Park Rangers,H,2,1,1,0
2014,Hull,Chelsea,A,2,3,2,2
2014,Tottenham,Aston Villa,A,0,1,0,1
2014,Crystal Palace,Manchester City,H,2,1,1,0
2014,West Bromwich Albion,Chelsea,H,3,0,1,0
2014,Stoke,Everton,H,2,0,1,0
2014,Manchester City,Queens Park Rangers,H,6,0,2,0
2014,Stoke,Southampton,H,2,1,0,1
2014,Manchester United,West Bromwich Albion,A,0,1,0,0
2014,Liverpool,Manchester United,A,1,2,0,1
2014,West Bromwich Albion,Leicester,A,2,3,2,1
2014,Everton,Southampton,H,1,0,1,0
2014,West Ham,Everton,A,1,2,0,0
2014,Tottenham,Swansea,H,3,2,1,1
2014,Newcastle United,West Bromwich Albion,D,1,1,1,1
2014,Arsenal,Chelsea,D,0,0,0,0
2014,Sunderland,Southampton,H,2,1,1,1
2014,Manchester City,West Bromwich Albion,H,3,0,2,0
2014,West Ham,Stoke,D,1,1,1,0
2014,Leicester,West Ham,H,2,1,1,1
2014,Arsenal,West Bromwich Albion,H,4,1,4,0
2014,Arsenal,West Ham,H,3,0,1,0
2014,Stoke,Tottenham,H,3,0,2,0
2014,Burnley,Leicester,A,0,1,0,0
2014,Swansea,Stoke,H,2,0,0,0
2014,Newcastle United,Arsenal,A,1,2,0,2
2014,Arsenal,Sunderland,D,0,0,0,0
2014,Manchester United,Aston Villa,H,3,1,1,0
2014,Aston Villa,Burnley,A,0,1,0,1
2014,Burnley,Manchester City,H,1,0,0,0
2014,Burnley,Stoke,D,0,0,0,0
2014,Crystal Palace,Hull,A,0,2,0,0
2014,Tottenham,Manchester City,A,0,1,0,1
2014,Queens Park Rangers,Everton,A,1,2,0,1
2014,Aston Villa,Queens Park Rangers,D,3,3,2,1
2014,Sunderland,Newcastle United,H,1,0,1,0
2014,Chelsea,Sunderland,H,3,1,1,1
2014,Chelsea,Southampton,D,1,1,1,1
2014,Liverpool,Crystal Palace,A,1,3,1,1
2014,Everton,Manchester United,H,3,0,2,0
2014,West Ham,Burnley,H,1,0,1,0
2014,Southampton,Burnley,H,2,0,1,0
2014,Chelsea,Manchester United,H,1,0,1,0
2014,Swansea,Hull,H,3,1,2,0
2014,Crystal Palace,Swansea,H,1,0,0,0
2014,Crystal Palace,Queens Park Rangers,H,3,1,3,0
2014,Manchester United,Arsenal,D,1,1,1,0
2014,Manchester City,Aston Villa,H,3,2,1,0
2014,Arsenal,Swansea,A,0,1,0,0
2014,Stoke,Crystal Palace,A,1,2,1,2
2014,West Bromwich Albion,Queens Park Rangers,A,1,4,0,3
2014,Everton,Tottenham,A,0,1,0,1
2014,Everton,Newcastle United,H,3,0,1,0
2014,Newcastle United,Swansea,A,2,3,1,1
2014,Burnley,Arsenal,A,0,1,0,1
2014,Hull,Manchester United,D,0,0,0,0
2014,Leicester,Hull,D,0,0,0,0
2014,Queens Park Rangers,West Ham,D,0,0,0,0
2014,Liverpool,Newcastle United,H,2,0,1,0
2014,Leicester,Queens Park Rangers,H,5,1,2,0
2014,Southampton,Tottenham,D,2,2,1,1
2014,Manchester City,Southampton,H,2,0,1,0
2014,Arsenal,Everton,H,2,0,1,0
2014,Liverpool,Tottenham,H,3,2,1,1
2014,Leicester,Crystal Palace,A,0,1,0,0
2014,Newcastle United,West Ham,H,2,0,0,0
2014,Burnley,Swansea,A,0,1,0,0
2014,West Bromwich Albion,Swansea,H,2,0,0,0
2014,Manchester City,Hull,D,1,1,0,1
2014,Stoke,Liverpool,H,6,1,5,0
2014,Leicester,Chelsea,A,1,3,1,0
2014,Hull,Newcastle United,A,0,3,0,1
2014,Chelsea,Everton,H,1,0,0,0
2014,Newcastle United,Stoke,D,1,1,0,0
2014,Liverpool,Manchester City,H,2,1,1,1
2014,Liverpool,West Ham,H,2,0,0,0
2014,Stoke,Manchester City,A,1,4,1,1
2014,Queens Park Rangers,Southampton,A,0,1,0,0
2014,Manchester United,Sunderland,H,2,0,0,0
2014,Manchester United,Leicester,H,3,1,3,0
2014,Sunderland,Queens Park Rangers,A,0,2,0,2
2014,Swansea,Sunderland,D,1,1,0,1
2014,Newcastle United,Aston Villa,H,1,0,1,0
2014,Southampton,Swansea,A,0,1,0,0
2014,Aston Villa,Stoke,A,1,2,1,1
2014,Tottenham,Arsenal,H,2,1,0,1
2014,Queens Park Rangers,Tottenham,A,1,2,0,1
2014,Stoke,Queens Park Rangers,H,3,1,2,1
2014,Chelsea,Burnley,D,1,1,1,0
2014,West Ham,Manchester United,D,1,1,0,0
2014,Stoke,Hull,H,1,0,0,0
2014,Sunderland,Burnley,H,2,0,2,0
2014,Crystal Palace,Arsenal,A,1,2,0,2
2014,Arsenal,Leicester,H,2,1,2,0
2014,West Bromwich Albion,Southampton,H,1,0,1,0
2014,West Bromwich Albion,Tottenham,A,0,3,0,2
2014,Everton,Leicester,D,2,2,0,0
2014,Hull,Aston Villa,H,2,0,1,0
2014,West Ham,Crystal Palace,A,1,3,0,1
2014,Aston Villa,Chelsea,A,1,2,0,1
2014,Hull,Queens Park Rangers,H,2,1,1,1
2014,Manchester United,Burnley,H,3,1,2,1
2014,Aston Villa,West Bromwich Albion,H,2,1,1,0
2014,Burnley,West Bromwich Albion,D,2,2,2,1
2014,Manchester City,Newcastle United,H,5,0,3,0
2014,Southampton,West Ham,D,0,0,0,0
2014,Hull,Sunderland,D,1,1,1,0
2014,Everton,Liverpool,D,0,0,0,0
2014,Southampton,Liverpool,A,0,2,0,1
2014,Crystal Palace,Newcastle United,D,1,1,0,1
2014,Queens Park Rangers,Arsenal,A,1,2,0,0
2014,Sunderland,West Bromwich Albion,D,0,0,0,0
2014,Swansea,Manchester United,H,2,1,1,1
2014,Tottenham,West Ham,D,2,2,0,1
2015,Arsenal,West Ham,A,0,2,0,1
2015,Bournemouth,Aston Villa,A,0,1,0,0
2015,Chelsea,Swansea,D,2,2,2,1
2015,Everton,Watford,D,2,2,0,1
2015,Leicester,Sunderland,H,4,2,3,0
2015,Manchester United,Tottenham,H,1,0,1,0
2015,Newcastle United,Southampton,D,2,2,1,1
2015,Norwich,Crystal Palace,A,1,3,0,1
2015,Stoke,Liverpool,A,0,1,0,0
2015,West Bromwich Albion,Manchester City,A,0,3,0,2
2015,Aston Villa,Manchester United,A,0,1,0,1
2015,Crystal Palace,Arsenal,A,1,2,1,1
2015,Liverpool,Bournemouth,H,1,0,1,0
2015,Manchester City,Chelsea,H,3,0,1,0
2015,Southampton,Everton,A,0,3,0,2
2015,Sunderland,Norwich,A,1,3,0,2
2015,Swansea,Newcastle United,H,2,0,1,0
2015,Tottenham,Stoke,D,2,2,2,0
2015,Watford,West Bromwich Albion,D,0,0,0,0
2015,West Ham,Leicester,A,1,2,0,2
2015,Arsenal,Aston Villa,H,4,0,1,0
2015,Chelsea,Leicester,D,1,1,0,0
2015,Everton,Norwich,H,3,0,2,0
2015,Manchester United,Bournemouth,H,3,1,1,0
2015,Newcastle United,Tottenham,H,5,1,2,0
2015,Southampton,Crystal Palace,H,4,1,1,0
2015,Stoke,West Ham,H,2,1,0,1
2015,Swansea,Manchester City,D,1,1,1,1
2015,Watford,Sunderland,D,2,2,0,1
2015,West Bromwich Albion,Liverpool,D,1,1,1,1
2015,Manchester City,Crystal Palace,H,4,0,2,0
2015,Newcastle United,Aston Villa,D,1,1,1,0
2015,Sunderland,Bournemouth,D,1,1,1,1
2015,Arsenal,Bournemouth,H,2,0,1,0
2015,Newcastle United,West Ham,H,2,1,2,0
2015,Watford,Manchester City,A,1,2,0,0
2015,Southampton,Tottenham,A,0,2,0,2
2015,Liverpool,Sunderland,D,2,2,0,0
2015,Watford,Newcastle United,H,2,1,0,0
2015,Norwich,Arsenal,D,1,1,1,1
2015,Newcastle United,Stoke,D,0,0,0,0
2015,Stoke,Chelsea,H,1,0,0,0
2015,Watford,Norwich,H,2,0,1,0
2015,Crystal Palace,Swansea,D,0,0,0,0
2015,Southampton,West Bromwich Albion,H,3,0,2,0
2015,West Bromwich Albion,Stoke,H,2,1,0,0
2015,Stoke,Crystal Palace,A,1,2,0,1
2015,Manchester City,Leicester,A,1,3,0,1
2015,West Bromwich Albion,Aston Villa,D,0,0,0,0
2015,Sunderland,Stoke,H,2,0,0,0
2015,Southampton,Bournemouth,H,2,0,2,0
2015,Sunderland,Southampton,A,0,1,0,0
2015,West Bromwich Albion,Tottenham,D,1,1,1,1
2015,Everton,Stoke,A,3,4,1,2
2015,Stoke,Arsenal,D,0,0,0,0
2015,West Ham,Liverpool,H,2,0,1,0
2015,Swansea,West Ham,D,0,0,0,0
2015,Newcastle United,West Bromwich Albion,H,1,0,1,0
2015,West Ham,Manchester City,D,2,2,1,1
2015,Tottenham,Chelsea,D,0,0,0,0
2015,Swansea,Arsenal,A,0,3,0,0
2015,West Ham,Everton,D,1,1,1,1
2015,Aston Villa,Arsenal,A,0,2,0,2
2015,Leicester,Manchester City,D,0,0,0,0
2015,Swansea,Watford,H,1,0,1,0
2015,Aston Villa,Crystal Palace,H,1,0,0,0
2015,Watford,Liverpool,H,3,0,2,0
2015,Southampton,West Ham,H,1,0,1,0
2015,Arsenal,Southampton,D,0,0,0,0
2015,West Ham,West Bromwich Albion,D,1,1,1,0
2015,Tottenham,Aston Villa,H,3,1,2,0
2015,Chelsea,Norwich,H,1,0,0,0
2015,Bournemouth,Manchester United,H,2,1,1,1
2015,Manchester United,Chelsea,D,0,0,0,0
2015,Tottenham,Sunderland,H,4,1,1,1
2015,Bournemouth,West Ham,A,1,3,1,0
2015,West Bromwich Albion,Bournemouth,A,1,2,0,0
2015,Stoke,Everton,A,0,3,0,3
2015,Leicester,Liverpool,H,2,0,0,0
2015,Arsenal,Sunderland,H,3,1,1,1
2015,Watford,West Ham,H,2,0,1,0
2015,Crystal Palace,Sunderland,A,0,1,0,0
2015,Crystal Palace,Southampton,H,1,0,1,0
2015,Norwich,Aston Villa,H,2,0,1,0
2015,Arsenal,Chelsea,A,0,1,0,1
2015,Swansea,Sunderland,A,2,4,2,1
2015,Aston Villa,West Ham,D,1,1,0,1
2015,Swansea,Crystal Palace,D,1,1,1,0
2015,Norwich,Tottenham,A,0,3,0,2
2015,Chelsea,Bournemouth,A,0,1,0,0
2015,West Bromwich Albion,Leicester,A,2,3,1,0
2015,Everton,Aston Villa,H,4,0,3,0
2015,Leicester,Chelsea,H,2,1,1,0
2015,Sunderland,Liverpool,A,0,1,0,0
2015,Crystal Palace,Tottenham,A,1,3,1,0
2015,Liverpool,Arsenal,D,3,3,2,2
2015,Bournemouth,Crystal Palace,D,0,0,0,0
2015,Tottenham,Watford,H,1,0,0,0
2015,Sunderland,Manchester City,A,0,1,0,1
2015,Everton,Crystal Palace,D,1,1,0,0
2015,Arsenal,Tottenham,D,1,1,0,1
2015,Manchester City,Liverpool,A,1,4,1,3
2015,Liverpool,West Bromwich Albion,D,2,2,1,1
2015,Watford,Tottenham,A,1,2,1,1
2015,Everton,Swansea,A,1,2,1,2
2015,Chelsea,West Bromwich Albion,D,2,2,1,1
2015,Chelsea,Watford,D,2,2,1,1
2015,Arsenal,Leicester,H,2,1,0,1
2015,Watford,Chelsea,D,0,0,0,0
2015,Manchester United,West Ham,D,0,0,0,0
2015,Aston Villa,Manchester City,D,0,0,0,0
2015,Newcastle United,Leicester,A,0,3,0,1
2015,Manchester City,Swansea,H,2,1,1,0
2015,West Bromwich Albion,Newcastle United,H,1,0,0,0
2015,Leicester,Stoke,H,3,0,1,0
2015,Manchester City,Everton,D,0,0,0,0
2015,Liverpool,Leicester,H,1,0,0,0
2015,Aston Villa,Liverpool,A,0,6,0,2
2015,West Ham,Aston Villa,H,2,0,0,0
2015,Newcastle United,Liverpool,H,2,0,0,0
2015,Bournemouth,Newcastle United,A,0,1,0,1
2015,Southampton,Stoke,A,0,1,0,1
2015,Norwich,Everton,D,1,1,0,1
2015,West Ham,Southampton,H,2,1,0,1
2015,Manchester United,Southampton,A,0,1,0,0
2015,Newcastle United,Manchester United,D,3,3,1,2
2015,Manchester City,Sunderland,H,4,1,3,0
2015,Bournemouth,Stoke,A,1,3,0,1
2015,Crystal Palace,Bournemouth,A,1,2,1,1
2015,Southampton,Aston Villa,D,1,1,0,1
2015,Leicester,Watford,H,2,1,0,0
2015,Swansea,Bournemouth,D,2,2,2,2
2015,Sunderland,Watford,A,0,1,0,1
2015,Arsenal,Newcastle United,H,1,0,0,0
2015,Norwich,Liverpool,A,4,5,2,1
2015,Southampton,Watford,H,2,0,1,0
2015,Newcastle United,Everton,A,0,1,0,0
2015,Chelsea,Newcastle United,H,5,1,3,0
2015,Manchester United,Stoke,H,3,0,2,0
2015,Stoke,Manchester City,H,2,0,2,0
2015,Liverpool,Crystal Palace,A,1,2,1,1
2015,Tottenham,West Ham,H,4,1,2,0
2015,Tottenham,Newcastle United,A,1,2,1,0
2015,Crystal Palace,Chelsea,A,0,3,0,1
2015,Stoke,Norwich,H,3,1,0,0
2015,Southampton,Arsenal,H,4,0,1,0
2015,Crystal Palace,Watford,A,1,2,1,1
2015,West Bromwich Albion,Swansea,D,1,1,0,0
2015,Swansea,Leicester,A,0,3,0,2
2015,Manchester United,West Bromwich Albion,H,2,0,0,0
2015,Watford,Manchester United,A,1,2,0,1
2015,West Ham,Stoke,D,0,0,0,0
2015,Everton,Tottenham,D,1,1,1,1
2015,Tottenham,Leicester,A,0,1,0,0
2015,Stoke,Manchester United,H,2,0,2,0
2015,Everton,West Bromwich Albion,A,0,1,0,1
2015,Everton,Newcastle United,H,3,0,1,0
2015,Norwich,Swansea,H,1,0,0,0
2015,West Bromwich Albion,Arsenal,H,2,1,2,1
2015,Arsenal,Manchester City,H,2,1,2,0
2015,Leicester,Bournemouth,D,0,0,0,0
2015,Aston Villa,Leicester,D,1,1,0,1
2015,Swansea,West Bromwich Albion,H,1,0,1,0
2015,Manchester City,Tottenham,A,1,2,0,0
2015,Aston Villa,Norwich,H,2,0,1,0
2015,Aston Villa,Watford,A,2,3,1,1
2015,Chelsea,Sunderland,H,3,1,2,0
2015,Manchester United,Swansea,H,2,1,0,0
2015,Bournemouth,Norwich,H,3,0,1,0
2015,Tottenham,Norwich,H,3,0,2,0
2015,Norwich,West Ham,D,2,2,0,0
2015,Bournemouth,Arsenal,A,0,2,0,2
2015,Bournemouth,Everton,D,3,3,0,2
2015,Everton,Leicester,A,2,3,1,1
2015,Norwich,Southampton,H,1,0,0,0
2015,Chelsea,Everton,D,3,3,0,0
2015,Sunderland,Manchester United,H,2,1,1,1
2015,Chelsea,Manchester United,D,1,1,0,0
2015,Crystal Palace,Newcastle United,H,5,1,3,1
2015,Manchester United,Norwich,A,1,2,0,1
2015,Sunderland,Aston Villa,H,3,1,1,0
2015,Liverpool,Manchester United,A,0,1,0,0
2015,Swansea,Southampton,A,0,1,0,0
2015,Leicester,Manchester United,D,1,1,1,1
2015,Leicester,Norwich,H,1,0,0,0
2015,Liverpool,Swansea,H,1,0,0,0
2015,Manchester City,Southampton,H,3,1,2,0
2015,Crystal Palace,Stoke,H,2,1,0,1
2015,Chelsea,Manchester City,A,0,3,0,1
2015,Manchester City,Stoke,H,4,0,2,0
2015,Leicester,Everton,H,3,1,2,0
2015,Everton,Southampton,D,1,1,0,0
2015,Arsenal,Liverpool,D,0,0,0,0
2015,Norwich,Watford,H,4,2,3,1
2015,Liverpool,Watford,H,2,0,1,0
2015,Leicester,West Ham,D,2,2,1,0
2015,Crystal Palace,Aston Villa,H,2,1,0,0
2015,Sunderland,Arsenal,D,0,0,0,0
2015,Manchester City,Arsenal,D,2,2,1,1
2015,Manchester United,Aston Villa,H,1,0,1,0
2015,Everton,Manchester City,A,0,2,0,0
2015,Tottenham,West Bromwich Albion,D,1,1,1,0
2015,Norwich,Manchester United,A,0,1,0,0
2015,Newcastle United,Swansea,H,3,0,1,0
2015,Leicester,Tottenham,D,1,1,0,0
2015,West Ham,Manchester United,H,3,2,1,0
2015,Sunderland,Chelsea,H,3,2,1,2
2015,Norwich,Sunderland,A,0,3,0,1
2015,Manchester United,Newcastle United,D,0,0,0,0
2015,Arsenal,Norwich,H,1,0,0,0
2015,Tottenham,Southampton,A,1,2,1,1
2015,Stoke,Tottenham,A,0,4,0,1
2015,Norwich,Stoke,D,1,1,1,1
2015,Chelsea,Tottenham,D,2,2,0,2
2015,West Ham,Swansea,A,1,4,0,2
2015,West Bromwich Albion,Watford,A,0,1,0,1
2015,Sunderland,Swansea,D,1,1,0,1
2015,Everton,Bournemouth,H,2,1,1,1
2015,Aston Villa,Southampton,A,2,4,1,2
2015,Watford,Southampton,D,0,0,0,0
2015,Manchester United,Leicester,D,1,1,1,1
2015,Bournemouth,Chelsea,A,1,4,1,2
2015,West Bromwich Albion,Chelsea,A,2,3,1,3
2015,Newcastle United,Crystal Palace,H,1,0,0,0
2015,Crystal Palace,Everton,D,0,0,0,0
2015,West Ham,Bournemouth,A,3,4,0,2
2015,Southampton,Manchester City,H,4,2,2,1
2015,Leicester,Swansea,H,4,0,2,0
2015,Aston Villa,Sunderland,D,2,2,2,1
2015,Stoke,Sunderland,D,1,1,0,0
2015,Liverpool,Newcastle United,D,2,2,2,0
2015,Bournemouth,Leicester,D,1,1,1,0
2015,Swansea,Liverpool,H,3,1,2,0
2015,Chelsea,Crystal Palace,A,1,2,0,0
2015,Watford,Aston Villa,H,3,2,1,1
2015,Liverpool,West Ham,A,0,3,0,2
2015,West Bromwich Albion,West Ham,A,0,3,0,2
2015,Manchester City,Watford,H,2,0,0,0
2015,Aston Villa,Newcastle United,D,0,0,0,0
2015,Newcastle United,Arsenal,A,0,1,0,0
2015,Bournemouth,West Bromwich Albion,D,1,1,0,1
2015,Southampton,Norwich,H,3,0,1,0
2015,Stoke,West Bromwich Albion,A,0,1,0,1
2015,Swansea,Manchester United,H,2,1,0,0
2015,Tottenham,Everton,D,0,0,0,0
2015,Arsenal,Stoke,H,2,0,1,0
2015,Crystal Palace,Manchester City,A,0,1,0,0
2015,Everton,Chelsea,H,3,1,2,1
2015,Leicester,Aston Villa,H,3,2,0,1
2015,Manchester United,Liverpool,H,3,1,0,0
2015,Norwich,Bournemouth,H,3,1,1,0
2015,Sunderland,Tottenham,A,0,1,0,0
2015,Watford,Swansea,H,1,0,0,0
2015,West Bromwich Albion,Southampton,D,0,0,0,0
2015,West Ham,Newcastle United,H,2,0,1,0
2015,Aston Villa,West Bromwich Albion,A,0,1,0,1
2015,Bournemouth,Sunderland,H,2,0,2,0
2015,Chelsea,Arsenal,H,2,0,0,0
2015,Liverpool,Norwich,D,1,1,0,0
2015,Manchester City,West Ham,A,1,2,1,2
2015,Newcastle United,Watford,A,1,2,0,2
2015,Southampton,Manchester United,A,2,3,1,1
2015,Stoke,Leicester,D,2,2,2,0
2015,Swansea,Everton,D,0,0,0,0
2015,Tottenham,Crystal Palace,H,1,0,0,0
2015,Leicester,Arsenal,A,2,5,1,2
2015,Liverpool,Aston Villa,H,3,2,1,0
2015,Manchester United,Sunderland,H,3,0,1,0
2015,Newcastle United,Chelsea,D,2,2,1,0
2015,Southampton,Swansea,H,3,1,1,0
2015,Stoke,Bournemouth,H,2,1,1,0
2015,Tottenham,Manchester City,H,4,1,1,1
2015,Watford,Crystal Palace,A,0,1,0,0
2015,West Bromwich Albion,Everton,A,2,3,1,0
2015,West Ham,Norwich,D,2,2,1,1
2015,Arsenal,Manchester United,H,3,0,3,0
2015,Aston Villa,Stoke,A,0,1,0,0
2015,Bournemouth,Watford,D,1,1,1,1
2015,Chelsea,Southampton,A,1,3,1,1
2015,Crystal Palace,West Bromwich Albion,H,2,0,0,0
2015,Everton,Liverpool,D,1,1,1,1
2015,Manchester City,Newcastle United,H,6,1,1,1
2015,Norwich,Leicester,A,1,2,0,1
2015,Sunderland,West Ham,D,2,2,2,1
2015,Swansea,Tottenham,D,2,2,2,1
2015,Chelsea,Aston Villa,H,2,0,1,0
2015,Crystal Palace,West Ham,A,1,3,1,1
2015,Everton,Manchester United,A,0,3,0,2
2015,Manchester City,Bournemouth,H,5,1,4,1
2015,Newcastle United,Norwich,H,6,2,3,2
2015,Southampton,Leicester,D,2,2,2,0
2015,Swansea,Stoke,A,0,1,0,1
2015,Tottenham,Liverpool,D,0,0,0,0
2015,Watford,Arsenal,A,0,3,0,0
2015,West Bromwich Albion,Sunderland,H,1,0,0,0
2015,Arsenal,Everton,H,2,1,2,1
2015,Aston Villa,Swansea,A,1,2,0,0
2015,Bournemouth,Tottenham,A,1,5,1,3
2015,Leicester,Crystal Palace,H,1,0,0,0
2015,Liverpool,Southampton,D,1,1,0,0
2015,Manchester United,Manchester City,D,0,0,0,0
2015,Norwich,West Bromwich Albion,A,0,1,0,0
2015,Stoke,Watford,A,0,2,0,1
2015,Sunderland,Newcastle United,H,3,0,1,0
2015,West Ham,Chelsea,H,2,1,1,0
2015,Chelsea,Liverpool,A,1,3,1,1
2015,Crystal Palace,Manchester United,D,0,0,0,0
2015,Everton,Sunderland,H,6,2,2,1
2015,Manchester City,Norwich,H,2,1,0,0
2015,Stoke,Newcastle United,H,1,0,0,0
2015,Norwich,Manchester City,D,0,0,0,0
2015,Liverpool,Everton,H,4,0,2,0
2015,Bournemouth,Manchester City,A,0,4,0,3
2015,Chelsea,Stoke,D,1,1,1,0
2015,Stoke,Southampton,A,1,2,0,2
2015,Manchester United,Arsenal,H,3,2,2,1
2015,Leicester,Southampton,H,1,0,1,0
2015,Crystal Palace,Liverpool,A,1,2,0,0
2015,Sunderland,Everton,H,3,0,2,0
2015,Newcastle United,Manchester City,D,1,1,1,1
2015,Liverpool,Tottenham,D,1,1,0,0
2015,Everton,West Ham,A,2,3,1,0
2015,West Ham,Watford,H,3,1,2,0
2015,Southampton,Chelsea,A,1,2,1,0
2015,Manchester United,Everton,H,1,0,0,0
2015,Manchester City,Aston Villa,H,4,0,0,0
2015,Chelsea,West Ham,D,2,2,1,1
2015,Stoke,Aston Villa,H,2,1,0,0
2015,Norwich,Newcastle United,H,3,2,1,0
2015,Newcastle United,Bournemouth,A,1,3,0,1
2015,Crystal Palace,Leicester,A,0,1,0,1
2015,Tottenham,Swansea,H,2,1,0,1
2015,Stoke,Swansea,D,2,2,1,0
2015,Southampton,Sunderland,D,1,1,0,0
2015,Everton,Arsenal,A,0,2,0,2
2015,Watford,Bournemouth,D,0,0,0,0
2015,Sunderland,West Bromwich Albion,D,0,0,0,0
2015,Swansea,Norwich,H,1,0,0,0
2015,Manchester City,Manchester United,A,0,1,0,1
2015,West Bromwich Albion,Crystal Palace,H,3,2,3,0
2015,West Ham,Crystal Palace,D,2,2,2,1
2015,Tottenham,Arsenal,D,2,2,0,1
2015,Newcastle United,Sunderland,D,1,1,0,1
2015,West Ham,Sunderland,H,1,0,1,0
2015,Aston Villa,Bournemouth,A,1,2,0,1
2015,Watford,Leicester,A,0,1,0,0
2015,Southampton,Liverpool,H,3,2,0,2
2015,Arsenal,Swansea,A,1,2,1,1
2015,Crystal Palace,Norwich,H,1,0,0,0
2015,West Bromwich Albion,Manchester United,H,1,0,0,0
2015,Swansea,Aston Villa,H,1,0,0,0
2015,Aston Villa,Everton,A,1,3,0,2
2015,Liverpool,Stoke,H,4,1,2,1
2015,Arsenal,West Bromwich Albion,H,2,0,2,0
2015,Tottenham,Bournemouth,H,3,0,2,0
2015,Bournemouth,Southampton,H,2,0,1,0
2015,Manchester City,West Bromwich Albion,H,2,1,1,1
2015,Aston Villa,Tottenham,A,0,2,0,1
2015,Watford,Stoke,A,1,2,0,1
2015,Leicester,West Bromwich Albion,D,2,2,2,1
2015,Southampton,Newcastle United,H,3,1,2,0
2015,Bournemouth,Swansea,H,3,2,1,1
2015,West Bromwich Albion,Norwich,A,0,1,0,0
2015,Norwich,Chelsea,A,1,2,0,2
2015,Sunderland,Leicester,A,0,2,0,0
2015,Leicester,Newcastle United,H,1,0,1,0
2015,Arsenal,Watford,H,4,0,2,0
2015,Sunderland,Crystal Palace,D,2,2,1,0
2015,Swansea,Chelsea,H,1,0,1,0
2015,Liverpool,Chelsea,D,1,1,0,1
2015,Aston Villa,Chelsea,A,0,4,0,2
2015,West Ham,Tottenham,H,1,0,1,0
2015,Tottenham,Manchester United,H,3,0,0,0
2015,Manchester United,Crystal Palace,H,2,0,1,0
2015,Liverpool,Manchester City,H,3,0,2,0
2015,Watford,Everton,D,1,1,1,1
2015,Manchester United,Watford,H,1,0,0,0
2015,West Ham,Arsenal,D,3,3,2,2
2015,Arsenal,Crystal Palace,D,1,1,1,0
2015,Bournemouth,Liverpool,A,1,2,0,2
2016,Arsenal,Liverpool,A,3,4,1,1
2016,Bournemouth,Manchester United,A,1,3,0,1
2016,Burnley,Swansea,A,0,1,0,0
2016,Chelsea,West Ham,H,2,1,0,0
2016,Crystal Palace,West Bromwich Albion,A,0,1,0,0
2016,Everton,Tottenham,D,1,1,1,0
2016,Hull,Leicester,H,2,1,1,0
2016,Manchester City,Sunderland,H,2,1,1,0
2016,Middlesbrough,Stoke,D,1,1,1,0
2016,Southampton,Watford,D,1,1,0,1
2016,Arsenal,Everton,H,3,1,2,0
2016,Burnley,West Ham,A,1,2,1,1
2016,Chelsea,Sunderland,H,5,1,1,1
2016,Hull,Tottenham,A,1,7,0,3
2016,Leicester,Bournemouth,D,1,1,0,1
2016,Liverpool,Middlesbrough,H,3,0,1,0
2016,Manchester United,Crystal Palace,H,2,0,2,0
2016,Southampton,Stoke,A,0,1,0,0
2016,Swansea,West Bromwich Albion,H,2,1,0,1
2016,Watford,Manchester City,A,0,5,0,4
2016,Leicester,Arsenal,D,0,0,0,0
2016,Liverpool,Burnley,H,2,1,1,1
2016,Manchester United,Southampton,H,2,0,1,0
2016,Stoke,Manchester City,A,1,4,0,2
2016,Sunderland,Middlesbrough,A,1,2,0,2
2016,Swansea,Hull,A,0,2,0,0
2016,Tottenham,Crystal Palace,H,1,0,0,0
2016,Watford,Chelsea,A,1,2,0,0
2016,West Bromwich Albion,Everton,A,1,2,1,1
2016,West Ham,Bournemouth,H,1,0,0,0
2016,Chelsea,Burnley,H,3,0,2,0
2016,Crystal Palace,Bournemouth,D,1,1,0,1
2016,Everton,Stoke,H,1,0,0,0
2016,Hull,Manchester United,A,0,1,0,0
2016,Leicester,Swansea,H,2,1,1,0
2016,Manchester City,West Ham,H,3,1,2,0
2016,Southampton,Sunderland,D,1,1,0,0
2016,Tottenham,Liverpool,D,1,1,0,1
2016,Watford,Arsenal,A,1,3,0,3
2016,West Bromwich Albion,Middlesbrough,D,0,0,0,0
2016,Arsenal,Southampton,H,2,1,1,1
2016,Bournemouth,West Bromwich Albion,H,1,0,0,0
2016,Burnley,Hull,D,1,1,0,0
2016,Liverpool,Leicester,H,4,1,2,1
2016,Manchester United,Manchester City,A,1,2,1,2
2016,Middlesbrough,Crystal Palace,A,1,2,1,1
2016,Stoke,Tottenham,A,0,4,0,1
2016,Sunderland,Everton,A,0,3,0,0
2016,Swansea,Chelsea,D,2,2,0,1
2016,West Ham,Watford,A,2,4,2,2
2016,Chelsea,Liverpool,A,1,2,0,2
2016,Crystal Palace,Stoke,H,4,1,2,0
2016,Everton,Middlesbrough,H,3,1,3,1
2016,Hull,Arsenal,A,1,4,0,1
2016,Leicester,Burnley,H,3,0,1,0
2016,Manchester City,Bournemouth,H,4,0,2,0
2016,Southampton,Swansea,H,1,0,0,0
2016,Tottenham,Sunderland,H,1,0,0,0
2016,Watford,Manchester United,H,3,1,1,0
2016,West Bromwich Albion,West Ham,H,4,2,3,0
2016,Arsenal,Chelsea,H,3,0,3,0
2016,Bournemouth,Everton,H,1,0,1,0
2016,Burnley,Watford,H,2,0,1,0
2016,Liverpool,Hull,H,5,1,3,0
2016,Manchester United,Leicester,H,4,1,4,0
2016,Middlesbrough,Tottenham,A,1,2,0,2
2016,Stoke,West Bromwich Albion,D,1,1,0,0
2016,Sunderland,Crystal Palace,A,2,3,1,0
2016,Swansea,Manchester City,A,1,3,1,1
2016,West Ham,Southampton,A,0,3,0,1
2016,Liverpool,Manchester United,D,0,0,0,0
2016,Manchester City,Everton,D,1,1,0,0
2016,Middlesbrough,Watford,A,0,1,0,0
2016,Southampton,Burnley,H,3,1,0,0
2016,Stoke,Sunderland,H,2,0,2,0
2016,West Bromwich Albion,Tottenham,D,1,1,0,0
2016,Arsenal,Middlesbrough,D,0,0,0,0
2016,Burnley,Arsenal,A,0,1,0,0
2016,Bournemouth,Tottenham,D,0,0,0,0
2016,Everton,Crystal Palace,D,1,1,1,0
2016,Burnley,Everton,H,2,1,1,0
2016,Hull,Chelsea,A,0,2,0,0
2016,Chelsea,Manchester United,H,4,0,2,0
2016,Leicester,Southampton,D,0,0,0,0
2016,Hull,Stoke,A,0,2,0,1
2016,Manchester United,Stoke,D,1,1,0,0
2016,Leicester,Crystal Palace,H,3,1,1,0
2016,Sunderland,West Bromwich Albion,D,1,1,0,1
2016,Liverpool,West Bromwich Albion,H,2,1,2,0
2016,Swansea,Liverpool,A,1,2,1,0
2016,Manchester City,Southampton,D,1,1,0,1
2016,Tottenham,Manchester City,H,2,0,2,0
2016,Swansea,Watford,D,0,0,0,0
2016,Watford,Bournemouth,D,2,2,0,1
2016,West Ham,Sunderland,H,1,0,0,0
2016,West Ham,Middlesbrough,D,1,1,0,0
2016,Crystal Palace,Liverpool,A,2,4,2,3
2016,Arsenal,Swansea,H,3,2,2,1
2016,Everton,West Ham,H,2,0,0,0
2016,Bournemouth,Hull,H,6,1,3,1
2016,Manchester United,Burnley,D,0,0,0,0
2016,Chelsea,Leicester,H,3,0,2,0
2016,Middlesbrough,Bournemouth,H,2,0,1,0
2016,Crystal Palace,West Ham,A,0,1,0,1
2016,Southampton,Chelsea,A,0,2,0,1
2016,Stoke,Swansea,H,3,1,1,1
2016,Sunderland,Arsenal,A,1,4,0,1
2016,Tottenham,Leicester,D,1,1,1,0
2016,Watford,Hull,H,1,0,0,0
2016,West Bromwich Albion,Manchester City,A,0,4,0,2
2016,Arsenal,Tottenham,D,1,1,1,0
2016,Bournemouth,Sunderland,A,1,2,1,1
2016,Burnley,Crystal Palace,H,3,2,2,0
2016,Chelsea,Everton,H,5,0,3,0
2016,Leicester,Middlesbrough,D,2,2,1,1
2016,Liverpool,Watford,H,6,1,3,0
2016,Liverpool,Sunderland,H,2,0,0,0
2016,Manchester City,Middlesbrough,D,1,1,1,0
2016,Manchester United,West Ham,D,1,1,1,1
2016,Swansea,Manchester United,A,1,3,0,3
2016,Southampton,Everton,H,1,0,1,0
2016,West Ham,Stoke,D,1,1,0,0
2016,Swansea,Crystal Palace,H,5,4,1,1
2016,Crystal Palace,Manchester City,A,1,2,0,1
2016,Watford,Stoke,A,0,1,0,1
2016,Everton,Swansea,D,1,1,0,1
2016,Bournemouth,Liverpool,H,4,3,0,2
2016,Manchester United,Arsenal,D,1,1,0,0
2016,Crystal Palace,Southampton,H,3,0,2,0
2016,Middlesbrough,Chelsea,A,0,1,0,1
2016,Hull,Southampton,H,2,1,0,1
2016,Everton,Manchester United,D,1,1,0,1
2016,Southampton,Liverpool,D,0,0,0,0
2016,Leicester,West Bromwich Albion,A,1,2,0,0
2016,Manchester City,Chelsea,A,1,3,1,0
2016,Stoke,Bournemouth,A,0,1,0,1
2016,Stoke,Leicester,D,2,2,2,0
2016,Middlesbrough,Hull,H,1,0,0,0
2016,Sunderland,Hull,H,3,0,1,0
2016,Sunderland,Watford,H,1,0,0,0
2016,Stoke,Burnley,H,2,0,2,0
2016,Tottenham,West Ham,H,3,2,0,1
2016,Tottenham,Burnley,H,2,1,1,1
2016,Sunderland,Leicester,H,2,1,0,0
2016,Watford,Leicester,H,2,1,2,1
2016,West Bromwich Albion,Manchester United,A,0,2,0,1
2016,Tottenham,Swansea,H,5,0,2,0
2016,West Bromwich Albion,Burnley,H,4,0,3,0
2016,West Ham,Hull,H,1,0,0,0
2016,West Bromwich Albion,Watford,H,3,1,2,0
2016,Arsenal,Bournemouth,H,3,1,1,1
2016,Arsenal,West Bromwich Albion,H,1,0,0,0
2016,West Ham,Arsenal,A,1,5,0,1
2016,Burnley,Manchester City,A,1,2,1,1
2016,Burnley,Middlesbrough,H,1,0,0,0
2016,Liverpool,Chelsea,D,1,1,0,1
2016,Chelsea,Tottenham,H,2,1,1,1
2016,Chelsea,Bournemouth,H,3,0,1,0
2016,Stoke,Everton,D,1,1,1,1
2016,Hull,West Bromwich Albion,D,1,1,0,1
2016,Hull,Manchester City,A,0,3,0,0
2016,Chelsea,Arsenal,H,3,1,1,0
2016,Everton,Southampton,H,3,0,0,0
2016,Leicester,Everton,A,0,2,0,0
2016,Crystal Palace,Sunderland,A,0,4,0,4
2016,Manchester City,Burnley,H,2,1,0,0
2016,Liverpool,Stoke,H,4,1,2,1
2016,Arsenal,Stoke,H,3,1,1,1
2016,Everton,Bournemouth,H,6,3,3,0
2016,Middlesbrough,Leicester,D,0,0,0,0
2016,Manchester United,Sunderland,H,3,1,1,0
2016,Burnley,Bournemouth,H,3,2,2,1
2016,Hull,Liverpool,H,2,0,1,0
2016,Stoke,Watford,H,2,0,1,0
2016,Southampton,Tottenham,A,1,4,1,1
2016,Chelsea,West Bromwich Albion,H,1,0,0,0
2016,Leicester,Manchester United,A,0,3,0,2
2016,Sunderland,Liverpool,D,2,2,1,1
2016,Swansea,West Ham,A,1,4,0,1
2016,Hull,Crystal Palace,D,3,3,1,0
2016,Manchester City,Swansea,H,2,1,1,0
2016,Tottenham,Chelsea,H,2,0,1,0
2016,Watford,Crystal Palace,D,1,1,0,1
2016,Leicester,Manchester City,H,4,2,3,0
2016,Southampton,West Ham,A,1,3,1,2
2016,West Bromwich Albion,Hull,H,3,1,0,1
2016,Arsenal,Crystal Palace,H,2,0,1,0
2016,Liverpool,West Ham,D,2,2,1,2
2016,Tottenham,Middlesbrough,H,1,0,0,0
2016,West Ham,Manchester United,A,0,2,0,0
2016,Burnley,Sunderland,H,4,1,1,0
2016,Manchester United,Tottenham,H,1,0,1,0
2016,Watford,Burnley,H,2,1,2,0
2016,Burnley,Southampton,H,1,0,0,0
2016,Chelsea,Stoke,H,4,2,1,0
2016,Southampton,Middlesbrough,H,1,0,0,0
2016,West Bromwich Albion,Stoke,H,1,0,1,0
2016,Everton,Manchester City,H,4,0,1,0
2016,Hull,Everton,D,2,2,1,1
2016,Swansea,Sunderland,H,3,0,0,0
2016,Arsenal,Hull,H,2,0,1,0
2016,Hull,Bournemouth,H,3,1,1,1
2016,Leicester,West Ham,H,1,0,1,0
2016,Watford,Everton,H,3,2,1,1
2016,Bournemouth,Manchester City,A,0,2,0,1
2016,Leicester,Chelsea,A,0,3,0,1
2016,Liverpool,Manchester City,H,1,0,1,0
2016,Bournemouth,Leicester,H,1,0,1,0
2016,Burnley,Chelsea,D,1,1,1,1
2016,Manchester United,Liverpool,D,1,1,0,1
2016,Manchester United,Middlesbrough,H,2,1,0,0
2016,Middlesbrough,Liverpool,A,0,3,0,1
2016,Liverpool,Tottenham,H,2,0,2,0
2016,Sunderland,Stoke,A,1,3,1,3
2016,Southampton,West Bromwich Albion,A,1,2,1,1
2016,Sunderland,Chelsea,A,0,1,0,1
2016,Manchester United,Watford,H,2,0,1,0
2016,Swansea,Arsenal,A,0,4,0,1
2016,Swansea,Bournemouth,A,0,3,0,2
2016,West Ham,Burnley,H,1,0,1,0
2016,Middlesbrough,Everton,D,0,0,0,0
2016,Tottenham,West Bromwich Albion,H,4,0,2,0
2016,Watford,Tottenham,A,1,4,0,3
2016,Crystal Palace,Manchester United,A,1,2,0,1
2016,Stoke,Crystal Palace,H,1,0,0,0
2016,Watford,Middlesbrough,D,0,0,0,0
2016,Bournemouth,Arsenal,D,3,3,2,0
2016,West Bromwich Albion,Swansea,H,3,1,0,0
2016,Sunderland,Southampton,A,0,4,0,2
2016,West Ham,Crystal Palace,H,3,0,0,0
2016,Crystal Palace,Swansea,A,1,2,0,1
2016,Everton,Arsenal,H,2,1,1,1
2016,Swansea,Leicester,H,2,0,2,0
2016,Arsenal,Burnley,H,2,1,0,0
2016,Manchester City,Watford,H,2,0,1,0
2016,West Ham,West Bromwich Albion,D,2,2,0,1
2016,Bournemouth,Watford,D,2,2,0,1
2016,Stoke,Southampton,D,0,0,0,0
2016,Chelsea,Swansea,H,3,1,1,1
2016,Chelsea,Hull,H,2,0,1,0
2016,Tottenham,Hull,H,3,0,1,0
2016,Crystal Palace,Middlesbrough,H,1,0,1,0
2016,Crystal Palace,Everton,A,0,1,0,0
2016,Bournemouth,Southampton,A,1,3,1,1
2016,Everton,Sunderland,H,2,0,1,0
2016,Liverpool,Swansea,A,2,3,0,0
2016,Crystal Palace,Chelsea,A,0,1,0,1
2016,Hull,Burnley,D,1,1,0,0
2016,Manchester City,Tottenham,D,2,2,0,0
2016,Everton,Liverpool,A,0,1,0,0
2016,Leicester,Liverpool,H,3,1,2,0
2016,Middlesbrough,West Ham,A,1,3,1,2
2016,Manchester City,Arsenal,H,2,1,0,1
2016,Manchester City,Manchester United,D,0,0,0,0
2016,Southampton,Leicester,H,3,0,2,0
2016,Middlesbrough,Swansea,H,3,0,2,0
2016,Southampton,Arsenal,A,0,2,0,0
2016,Stoke,Manchester United,D,1,1,1,0
2016,Tottenham,Stoke,H,4,0,4,0
2016,West Bromwich Albion,Sunderland,H,2,0,2,0
2016,Watford,West Ham,D,1,1,1,0
2016,Arsenal,Watford,A,1,2,0,2
2016,West Bromwich Albion,Bournemouth,H,2,1,2,1
2016,Bournemouth,Crystal Palace,A,0,2,0,0
2016,Leicester,Hull,H,3,1,1,1
2016,Burnley,Leicester,H,1,0,0,0
2016,Middlesbrough,West Bromwich Albion,D,1,1,1,1
2016,Sunderland,Tottenham,D,0,0,0,0
2016,Swansea,Southampton,H,2,1,1,0
2016,West Ham,Manchester City,A,0,4,0,3
2016,Manchester United,Hull,D,0,0,0,0
2016,Arsenal,Manchester City,D,2,2,1,2
2016,Leicester,Sunderland,H,2,0,0,0
2016,Chelsea,Watford,H,4,3,2,1
2016,Burnley,Tottenham,A,0,2,0,0
2016,Swansea,Tottenham,A,1,3,1,0
2016,Crystal Palace,Tottenham,A,0,1,0,0
2016,Chelsea,Crystal Palace,A,1,2,1,2
2016,Watford,West Bromwich Albion,H,2,0,1,0
2016,Everton,West Bromwich Albion,H,3,0,2,0
2016,Hull,West Ham,H,2,1,0,1
2016,Manchester United,Everton,D,1,1,0,1
2016,Hull,Swansea,H,2,1,0,0
2016,Leicester,Stoke,H,2,0,1,0
2016,Chelsea,Manchester City,H,2,1,2,1
2016,Manchester City,Stoke,D,0,0,0,0
2016,Liverpool,Everton,H,3,1,2,1
2016,Liverpool,Arsenal,H,3,1,2,0
2016,Southampton,Crystal Palace,H,3,1,1,1
2016,Middlesbrough,Sunderland,H,1,0,1,0
2016,Manchester United,West Bromwich Albion,D,0,0,0,0
2016,Manchester United,Bournemouth,D,1,1,1,1
2016,Liverpool,Bournemouth,D,2,2,1,1
2016,Southampton,Manchester United,D,0,0,0,0
2016,Southampton,Bournemouth,D,0,0,0,0
2016,Stoke,Middlesbrough,H,2,0,2,0
2016,Bournemouth,Chelsea,A,1,3,1,2
2016,Bournemouth,Swansea,H,2,0,1,0
2016,Swansea,Middlesbrough,D,0,0,0,0
2016,Sunderland,Manchester City,A,0,2,0,1
2016,Crystal Palace,Arsenal,H,3,0,1,0
2016,Crystal Palace,Watford,H,1,0,0,0
2016,Watford,Sunderland,H,1,0,0,0
2016,Swansea,Burnley,H,3,2,1,1
2016,Everton,Leicester,H,4,2,3,2
2016,Everton,Hull,H,4,0,1,0
2016,Arsenal,West Ham,H,3,0,0,0
2016,Tottenham,Everton,H,3,2,1,0
2016,Manchester City,Hull,H,3,1,1,0
2016,Manchester City,Liverpool,D,1,1,0,0
2016,Burnley,Stoke,H,1,0,0,0
2016,Watford,Southampton,A,3,4,1,2
2016,Middlesbrough,Burnley,D,0,0,0,0
2016,Middlesbrough,Manchester United,A,1,3,0,1
2016,Hull,Middlesbrough,H,4,2,3,2
2016,West Bromwich Albion,Crystal Palace,A,0,2,0,0
2016,Stoke,Liverpool,A,1,2,1,0
2016,Stoke,Chelsea,A,1,2,1,1
2016,West Ham,Chelsea,A,1,2,0,1
2016,Stoke,Arsenal,A,1,4,0,1
2016,Sunderland,Manchester United,A,0,3,0,1
2016,Sunderland,Burnley,D,0,0,0,0
2016,Arsenal,Leicester,H,1,0,0,0
2016,Sunderland,Swansea,A,0,2,0,2
2016,Tottenham,Watford,H,4,0,3,0
2016,Tottenham,Southampton,H,2,1,2,0
2016,Bournemouth,West Ham,H,3,2,1,1
2016,Tottenham,Manchester United,H,2,1,1,0
2016,West Bromwich Albion,Southampton,A,0,1,0,1
2016,West Bromwich Albion,Arsenal,H,3,1,1,1
2016,Burnley,Liverpool,H,2,0,2,0
2016,West Bromwich Albion,Chelsea,A,0,1,0,0
2016,West Ham,Swansea,H,1,0,1,0
2016,West Ham,Leicester,A,2,3,1,3
2016,Burnley,Manchester United,A,0,2,0,2
2016,West Ham,Liverpool,A,0,4,0,1
2016,Crystal Palace,Leicester,D,2,2,0,1
2016,Chelsea,Southampton,H,4,2,2,1
2016,Hull,Watford,H,2,0,0,0
2016,Leicester,Tottenham,A,1,6,0,2
2016,Liverpool,Crystal Palace,A,1,2,1,1
2016,Manchester City,West Bromwich Albion,H,3,1,2,0
2016,Swansea,Stoke,H,2,0,1,0
2016,West Ham,Everton,D,0,0,0,0
2016,Crystal Palace,Burnley,A,0,2,0,1
2016,Everton,Chelsea,A,0,3,0,0
2016,Manchester United,Swansea,D,1,1,1,0
2016,Middlesbrough,Manchester City,D,2,2,1,0
2016,Southampton,Hull,D,0,0,0,0
2016,Stoke,West Ham,D,0,0,0,0
2016,Sunderland,Bournemouth,A,0,1,0,0
2016,Tottenham,Arsenal,H,2,0,0,0
2016,Watford,Liverpool,A,0,1,0,1
2016,Everton,Burnley,H,3,1,0,0
2016,West Bromwich Albion,Leicester,A,0,1,0,1
2016,Manchester United,Chelsea,H,2,0,1,0
2016,Arsenal,Manchester United,H,2,0,0,0
2016,Middlesbrough,Arsenal,A,1,2,0,1
2016,Bournemouth,Stoke,D,2,2,0,1
2016,Southampton,Manchester City,A,0,3,0,0
2016,Burnley,West Bromwich Albion,D,2,2,0,0
2016,Stoke,Hull,H,3,1,1,0
2016,Chelsea,Middlesbrough,H,3,0,2,0
2016,Sunderland,West Ham,D,2,2,1,1
2016,Hull,Sunderland,A,0,2,0,0
2016,Tottenham,Bournemouth,H,4,0,2,0
2016,Leicester,Watford,H,3,0,1,0
2016,Watford,Swansea,H,1,0,1,0
2016,Liverpool,Southampton,D,0,0,0,0
2016,West Bromwich Albion,Liverpool,A,0,1,0,1
2016,Manchester City,Crystal Palace,H,5,0,1,0
2016,Arsenal,Sunderland,H,2,0,0,0
2016,Swansea,Everton,H,1,0,1,0
2016,Bournemouth,Middlesbrough,H,4,0,2,0
2016,West Ham,Tottenham,H,1,0,0,0
2016,Bournemouth,Burnley,H,2,1,1,0
2016,Crystal Palace,Hull,H,4,0,2,0
2016,Everton,Watford,H,1,0,0,0
2016,Manchester City,Leicester,H,2,1,2,1
2016,Middlesbrough,Southampton,A,1,2,0,1
2017,Arsenal,Leicester,H,4,3,2,2
2017,Brighton,Manchester City,A,0,2,0,0
2017,Chelsea,Burnley,A,2,3,0,3
2017,Crystal Palace,Huddersfield,A,0,3,0,2
2017,Everton,Stoke,H,1,0,1,0
2017,Manchester United,West Ham,H,4,0,1,0
2017,Newcastle United,Tottenham,A,0,2,0,0
2017,Southampton,Swansea,D,0,0,0,0
2017,Watford,Liverpool,D,3,3,2,1
2017,West Bromwich Albion,Bournemouth,H,1,0,1,0
2017,Bournemouth,Watford,A,0,2,0,0
2017,Burnley,West Bromwich Albion,A,0,1,0,0
2017,Huddersfield,Newcastle United,H,1,0,0,0
2017,Leicester,Brighton,H,2,0,1,0
2017,Liverpool,Crystal Palace,H,1,0,0,0
2017,Manchester City,Everton,D,1,1,0,1
2017,Stoke,Arsenal,H,1,0,0,0
2017,Chelsea,Arsenal,D,0,0,0,0
2017,Crystal Palace,Southampton,A,0,1,0,1
2017,Huddersfield,Southampton,D,0,0,0,0
2017,Huddersfield,Leicester,D,1,1,0,0
2017,Liverpool,Arsenal,H,4,0,2,0
2017,Liverpool,Burnley,D,1,1,1,1
2017,Manchester United,Leicester,H,2,0,0,0
2017,Manchester United,Everton,H,4,0,1,0
2017,Newcastle United,West Ham,H,3,0,1,0
2017,Newcastle United,Stoke,H,2,1,1,0
2017,Tottenham,Burnley,D,1,1,0,0
2017,Tottenham,Swansea,D,0,0,0,0
2017,Watford,Brighton,D,0,0,0,0
2017,Watford,Manchester City,A,0,6,0,3
2017,West Bromwich Albion,Stoke,D,1,1,0,0
2017,Swansea,Manchester United,A,0,4,0,1
2017,West Bromwich Albion,West Ham,D,0,0,0,0
2017,Arsenal,Bournemouth,H,3,0,2,0
2017,Tottenham,Chelsea,A,1,2,0,1
2017,Arsenal,West Bromwich Albion,H,2,0,1,0
2017,Brighton,West Bromwich Albion,H,3,1,1,0
2017,Brighton,Newcastle United,H,1,0,0,0
2017,Burnley,Crystal Palace,H,1,0,1,0
2017,Bournemouth,Manchester City,A,1,2,1,1
2017,Burnley,Huddersfield,D,0,0,0,0
2017,Everton,Tottenham,A,0,3,0,2
2017,Chelsea,Everton,H,2,0,2,0
2017,Everton,Bournemouth,H,2,1,0,0
2017,Leicester,Chelsea,A,1,2,0,1
2017,Crystal Palace,Swansea,A,0,2,0,1
2017,Leicester,Liverpool,A,2,3,1,2
2017,Manchester City,Liverpool,H,5,0,2,0
2017,Everton,Arsenal,A,2,5,1,1
2017,Southampton,Watford,A,0,2,0,1
2017,Huddersfield,Manchester United,H,2,1,2,0
2017,Stoke,Manchester United,D,2,2,1,1
2017,Manchester City,Burnley,H,3,0,1,0
2017,Swansea,Newcastle United,A,0,1,0,0
2017,Newcastle United,Crystal Palace,H,1,0,0,0
2017,Southampton,West Bromwich Albion,H,1,0,0,0
2017,Stoke,Bournemouth,A,1,2,0,2
2017,Swansea,Leicester,A,1,2,0,1
2017,Tottenham,Liverpool,H,4,1,3,1
2017,West Ham,Brighton,A,0,3,0,2
2017,Arsenal,Swansea,H,2,1,0,1
2017,Manchester City,Crystal Palace,H,5,0,1,0
2017,West Ham,Huddersfield,H,2,0,0,0
2017,Bournemouth,Chelsea,A,0,1,0,0
2017,Southampton,Manchester United,A,0,1,0,1
2017,Bournemouth,Brighton,H,2,1,0,0
2017,Brighton,Southampton,D,1,1,0,1
2017,Stoke,Chelsea,A,0,4,0,2
2017,Burnley,Newcastle United,H,1,0,0,0
2017,Swansea,Watford,A,1,2,0,1
2017,Crystal Palace,West Ham,D,2,2,0,2
2017,West Ham,Tottenham,A,2,3,0,2
2017,Leicester,Everton,H,2,0,2,0
2017,Arsenal,Brighton,H,2,0,1,0
2017,Liverpool,Huddersfield,H,3,0,0,0
2017,Bournemouth,Leicester,D,0,0,0,0
2017,Manchester United,Tottenham,H,1,0,0,0
2017,Chelsea,Manchester City,A,0,1,0,0
2017,Watford,Stoke,A,0,1,0,1
2017,Everton,Burnley,A,0,1,0,1
2017,West Bromwich Albion,Manchester City,A,2,3,1,2
2017,Huddersfield,Tottenham,A,0,4,0,3
2017,Chelsea,Manchester United,H,1,0,0,0
2017,Manchester United,Crystal Palace,H,4,0,2,0
2017,Everton,Watford,H,3,2,0,0
2017,Newcastle United,Liverpool,D,1,1,1,1
2017,Huddersfield,West Bromwich Albion,H,1,0,1,0
2017,Stoke,Southampton,H,2,1,1,0
2017,West Bromwich Albion,Watford,D,2,2,2,1
2017,West Ham,Swansea,H,1,0,0,0
2017,Brighton,Everton,D,1,1,0,0
2017,Burnley,West Ham,D,1,1,0,1
2017,Crystal Palace,Chelsea,H,2,1,2,1
2017,Leicester,West Bromwich Albion,D,1,1,0,0
2017,Liverpool,Manchester United,D,0,0,0,0
2017,Manchester City,Stoke,H,7,2,3,1
2017,Southampton,Newcastle United,D,2,2,0,1
2017,Swansea,Huddersfield,H,2,0,1,0
2017,Leicester,Burnley,H,1,0,1,0
2017,Burnley,Swansea,H,2,0,2,0
2017,West Ham,Leicester,D,1,1,1,1
2017,Manchester City,West Ham,H,2,1,0,1
2017,Crystal Palace,Everton,D,2,2,2,2
2017,Arsenal,Huddersfield,H,5,0,1,0
2017,Stoke,Swansea,H,2,1,2,1
2017,Leicester,Manchester City,A,0,2,0,1
2017,Bournemouth,Burnley,A,1,2,0,1
2017,Watford,Tottenham,D,1,1,1,1
2017,Liverpool,Southampton,H,3,0,2,0
2017,Brighton,Crystal Palace,D,0,0,0,0
2017,West Bromwich Albion,Crystal Palace,D,0,0,0,0
2017,Manchester United,Newcastle United,H,4,1,2,1
2017,Leicester,Tottenham,H,2,1,2,0
2017,Burnley,Watford,H,1,0,1,0
2017,Watford,West Ham,H,2,0,1,0
2017,Watford,Manchester United,A,2,4,0,3
2017,Manchester City,Arsenal,H,3,1,1,0
2017,Crystal Palace,Bournemouth,D,2,2,2,2
2017,West Bromwich Albion,Chelsea,A,0,4,0,3
2017,West Bromwich Albion,Newcastle United,D,2,2,1,0
2017,Newcastle United,Bournemouth,A,0,1,0,0
2017,Huddersfield,Brighton,H,2,0,2,0
2017,Burnley,Arsenal,A,0,1,0,0
2017,Chelsea,Swansea,H,1,0,0,0
2017,Southampton,Burnley,A,0,1,0,0
2017,Liverpool,Everton,D,1,1,1,0
2017,Crystal Palace,Stoke,H,2,1,0,0
2017,Everton,West Ham,H,4,0,2,0
2017,Stoke,Leicester,D,2,2,1,1
2017,Manchester United,Manchester City,A,1,2,1,1
2017,Huddersfield,Manchester City,A,1,2,1,0
2017,Manchester City,Southampton,H,2,1,0,0
2017,Swansea,Brighton,A,0,1,0,1
2017,Newcastle United,Leicester,A,2,3,1,1
2017,Liverpool,Chelsea,D,1,1,0,0
2017,Stoke,Liverpool,A,0,3,0,1
2017,Tottenham,Crystal Palace,H,1,0,0,0
2017,Southampton,Arsenal,D,1,1,1,0
2017,Manchester United,Brighton,H,1,0,0,0
2017,Arsenal,Manchester United,A,1,3,0,2
2017,West Ham,Liverpool,A,1,4,0,2
2017,Swansea,West Bromwich Albion,H,1,0,0,0
2017,Newcastle United,Watford,A,0,3,0,2
2017,Bournemouth,Southampton,D,1,1,1,0
2017,Arsenal,Tottenham,H,2,0,2,0
2017,Tottenham,Stoke,H,5,1,1,0
2017,Southampton,Everton,H,4,1,1,1
2017,Brighton,Liverpool,A,1,5,0,2
2017,Bournemouth,Huddersfield,H,4,0,2,0
2017,West Ham,Chelsea,H,1,0,1,0
2017,Swansea,Bournemouth,D,0,0,0,0
2017,Chelsea,Newcastle United,H,3,1,2,1
2017,Brighton,Stoke,D,2,2,1,2
2017,Tottenham,West Bromwich Albion,D,1,1,0,1
2017,Everton,Huddersfield,H,2,0,0,0
2017,Southampton,West Ham,H,3,2,2,1
2017,Burnley,Stoke,H,1,0,0,0
2017,Huddersfield,Chelsea,A,1,3,0,2
2017,Swansea,Manchester City,A,0,4,0,2
2017,West Ham,Arsenal,D,0,0,0,0
2017,Crystal Palace,Watford,H,2,1,0,1
2017,Manchester United,Bournemouth,H,1,0,1,0
2017,Newcastle United,Everton,A,0,1,0,1
2017,Southampton,Leicester,A,1,4,0,3
2017,Tottenham,Bournemouth,H,1,0,0,0
2017,Liverpool,West Bromwich Albion,D,0,0,0,0
2017,Watford,Arsenal,H,2,1,0,1
2017,Tottenham,Brighton,H,2,0,1,0
2017,Chelsea,Watford,H,4,2,1,1
2018,Manchester United,Leicester,H,2,1,1,0
2018,Bournemouth,Cardiff,H,2,0,1,0
2018,Fulham,Crystal Palace,A,0,2,0,1
2018,Huddersfield,Chelsea,A,0,3,0,2
2018,Newcastle United,Tottenham,A,1,2,1,2
2018,Watford,Brighton,H,2,0,1,0
2018,Wolves,Everton,D,2,2,1,1
2018,Arsenal,Manchester City,A,0,2,0,1
2018,Liverpool,West Ham,H,4,0,2,0
2018,Southampton,Burnley,D,0,0,0,0
2018,Cardiff,Newcastle United,D,0,0,0,0
2018,Chelsea,Arsenal,H,3,2,2,2
2018,Everton,Southampton,H,2,1,2,0
2018,Leicester,Wolves,H,2,0,2,0
2018,Tottenham,Fulham,H,3,1,1,0
2018,West Ham,Bournemouth,A,1,2,1,0
2018,Brighton,Manchester United,H,3,2,3,1
2018,Burnley,Watford,A,1,3,1,1
2018,Manchester City,Huddersfield,H,6,1,3,1
2018,Crystal Palace,Liverpool,A,0,2,0,1
2018,Arsenal,West Ham,H,3,1,1,1
2018,Bournemouth,Everton,D,2,2,0,0
2018,Huddersfield,Cardiff,D,0,0,0,0
2018,Liverpool,Brighton,H,1,0,1,0
2018,Southampton,Leicester,A,1,2,0,0
2018,Wolves,Manchester City,D,1,1,0,0
2018,Fulham,Burnley,H,4,2,3,2
2018,Newcastle United,Chelsea,A,1,2,0,0
2018,Watford,Crystal Palace,H,2,1,0,0
2018,Manchester United,Tottenham,A,0,3,0,0
2018,Brighton,Fulham,D,2,2,0,1
2018,Chelsea,Bournemouth,H,2,0,0,0
2018,Crystal Palace,Southampton,A,0,2,0,0
2018,Everton,Huddersfield,D,1,1,1,1
2018,Leicester,Liverpool,A,1,2,0,2
2018,Manchester City,Newcastle United,H,2,1,1,1
2018,West Ham,Wolves,A,0,1,0,0
2018,Burnley,Manchester United,A,0,2,0,2
2018,Cardiff,Arsenal,A,2,3,1,1
2018,Watford,Tottenham,H,2,1,0,0
2018,Bournemouth,Leicester,H,4,2,3,0
2018,Chelsea,Cardiff,H,4,1,2,1
2018,Huddersfield,Crystal Palace,A,0,1,0,1
2018,Manchester City,Fulham,H,3,0,2,0
2018,Newcastle United,Arsenal,A,1,2,0,0
2018,Tottenham,Liverpool,A,1,2,0,1
2018,Watford,Manchester United,A,1,2,0,2
2018,Everton,West Ham,A,1,3,1,2
2018,Wolves,Burnley,H,1,0,0,0
2018,Southampton,Brighton,D,2,2,1,0
2018,Brighton,Tottenham,A,1,2,0,1
2018,Burnley,Bournemouth,H,4,0,2,0
2018,Cardiff,Manchester City,A,0,5,0,3
2018,Crystal Palace,Newcastle United,D,0,0,0,0
2018,Fulham,Watford,D,1,1,0,1
2018,Leicester,Huddersfield,H,3,1,1,1
2018,Liverpool,Southampton,H,3,0,3,0
2018,Manchester United,Wolves,D,1,1,1,0
2018,Arsenal,Everton,H,2,0,0,0
2018,West Ham,Chelsea,D,0,0,0,0
2018,Arsenal,Watford,H,2,0,0,0
2018,Chelsea,Liverpool,D,1,1,1,0
2018,Everton,Fulham,H,3,0,0,0
2018,Huddersfield,Tottenham,A,0,2,0,2
2018,Manchester City,Brighton,H,2,0,1,0
2018,Newcastle United,Leicester,A,0,2,0,1
2018,West Ham,Manchester United,H,3,1,2,0
2018,Wolves,Southampton,H,2,0,0,0
2018,Cardiff,Burnley,A,1,2,0,0
2018,Bournemouth,Crystal Palace,H,2,1,1,0
2018,Brighton,West Ham,H,1,0,1,0
2018,Burnley,Huddersfield,D,1,1,1,0
2018,Crystal Palace,Wolves,A,0,1,0,0
2018,Leicester,Everton,A,1,2,1,1
2018,Manchester United,Newcastle United,H,3,2,0,2
2018,Tottenham,Cardiff,H,1,0,1,0
2018,Watford,Bournemouth,A,0,4,0,3
2018,Fulham,Arsenal,A,1,5,1,1
2018,Liverpool,Manchester City,D,0,0,0,0
2018,Southampton,Chelsea,A,0,3,0,1
2018,Bournemouth,Southampton,D,0,0,0,0
2018,Cardiff,Fulham,H,4,2,2,2
2018,Chelsea,Manchester United,D,2,2,1,0
2018,Huddersfield,Liverpool,A,0,1,0,1
2018,Manchester City,Burnley,H,5,0,1,0
2018,Newcastle United,Brighton,A,0,1,0,1
2018,West Ham,Tottenham,A,0,1,0,1
2018,Wolves,Watford,A,0,2,0,2
2018,Everton,Crystal Palace,H,2,0,0,0
2018,Arsenal,Leicester,H,3,1,1,1
2018,Brighton,Wolves,H,1,0,0,0
2018,Fulham,Bournemouth,A,0,3,0,1
2018,Leicester,West Ham,D,1,1,0,1
2018,Liverpool,Cardiff,H,4,1,1,0
2018,Southampton,Newcastle United,D,0,0,0,0
2018,Watford,Huddersfield,H,3,0,2,0
2018,Burnley,Chelsea,A,0,4,0,1
2018,Crystal Palace,Arsenal,D,2,2,1,0
2018,Manchester United,Everton,H,2,1,1,0
2018,Tottenham,Manchester City,A,0,1,0,1
2018,Arsenal,Liverpool,D,1,1,0,0
2018,Bournemouth,Manchester United,A,1,2,1,1
2018,Cardiff,Leicester,A,0,1,0,0
2018,Everton,Brighton,H,3,1,1,1
2018,Newcastle United,Watford,H,1,0,0,0
2018,West Ham,Burnley,H,4,2,1,1
2018,Wolves,Tottenham,A,2,3,0,2
2018,Chelsea,Crystal Palace,H,3,1,1,0
2018,Manchester City,Southampton,H,6,1,4,1
2018,Huddersfield,Fulham,H,1,0,1,0
2018,Cardiff,Brighton,H,2,1,1,1
2018,Crystal Palace,Tottenham,A,0,1,0,0
2018,Huddersfield,West Ham,D,1,1,1,0
2018,Leicester,Burnley,D,0,0,0,0
2018,Newcastle United,Bournemouth,H,2,1,2,1
2018,Southampton,Watford,D,1,1,1,0
2018,Arsenal,Wolves,D,1,1,0,1
2018,Chelsea,Everton,D,0,0,0,0
2018,Liverpool,Fulham,H,2,0,1,0
2018,Manchester City,Manchester United,H,3,1,1,0
2018,Brighton,Leicester,D,1,1,1,0
2018,Everton,Cardiff,H,1,0,0,0
2018,Fulham,Southampton,H,3,2,2,1
2018,Manchester United,Crystal Palace,D,0,0,0,0
2018,Tottenham,Chelsea,H,3,1,2,0
2018,Watford,Liverpool,A,0,3,0,0
2018,West Ham,Manchester City,A,0,4,0,3
2018,Bournemouth,Arsenal,A,1,2,1,1
2018,Wolves,Huddersfield,A,0,2,0,1
2018,Burnley,Newcastle United,A,1,2,1,2
2018,Cardiff,Wolves,H,2,1,0,1
2018,Crystal Palace,Burnley,H,2,0,1,0
2018,Huddersfield,Brighton,A,1,2,1,1
2018,Leicester,Watford,H,2,0,2,0
2018,Manchester City,Bournemouth,H,3,1,1,1
2018,Newcastle United,West Ham,A,0,3,0,1
2018,Southampton,Manchester United,D,2,2,2,2
2018,Arsenal,Tottenham,H,4,2,1,2
2018,Chelsea,Fulham,H,2,0,1,0
2018,Liverpool,Everton,H,1,0,0,0
2018,Bournemouth,Huddersfield,H,2,1,2,1
2018,Brighton,Crystal Palace,H,3,1,3,0
2018,Watford,Manchester City,A,1,2,0,1
2018,West Ham,Cardiff,H,3,1,0,0
2018,Burnley,Liverpool,A,1,3,0,0
2018,Everton,Newcastle United,D,1,1,1,1
2018,Fulham,Leicester,D,1,1,1,0
2018,Manchester United,Arsenal,D,2,2,1,1
2018,Tottenham,Southampton,H,3,1,1,0
2018,Wolves,Chelsea,H,2,1,0,1
2018,Arsenal,Huddersfield,H,1,0,0,0
2018,Bournemouth,Liverpool,A,0,4,0,1
2018,Burnley,Brighton,H,1,0,1,0
2018,Cardiff,Southampton,H,1,0,0,0
2018,Chelsea,Manchester City,H,2,0,1,0
2018,Leicester,Tottenham,A,0,2,0,1
2018,Manchester United,Fulham,H,4,1,3,0
2018,West Ham,Crystal Palace,H,3,2,0,1
2018,Newcastle United,Wolves,A,1,2,1,1
2018,Everton,Watford,D,2,2,1,0
2018,Crystal Palace,Leicester,H,1,0,1,0
2018,Fulham,West Ham,A,0,2,0,2
2018,Huddersfield,Newcastle United,A,0,1,0,0
2018,Manchester City,Everton,H,3,1,1,0
2018,Tottenham,Burnley,H,1,0,0,0
2018,Watford,Cardiff,H,3,2,1,0
2018,Wolves,Bournemouth,H,2,0,1,0
2018,Brighton,Chelsea,A,1,2,0,2
2018,Liverpool,Manchester United,H,3,1,1,1
2018,Southampton,Arsenal,H,3,2,2,1
2018,Wolves,Liverpool,A,0,2,0,1
2018,Arsenal,Burnley,H,3,1,1,0
2018,Bournemouth,Brighton,H,2,0,1,0
2018,Cardiff,Manchester United,A,1,5,1,3
2018,Chelsea,Leicester,A,0,1,0,0
2018,Huddersfield,Southampton,A,1,3,0,2
2018,Manchester City,Crystal Palace,A,2,3,1,2
2018,Newcastle United,Fulham,D,0,0,0,0
2018,West Ham,Watford,A,0,2,0,1
2018,Everton,Tottenham,A,2,6,1,3
2018,Brighton,Arsenal,D,1,1,1,1
2018,Burnley,Everton,A,1,5,1,3
2018,Crystal Palace,Cardiff,D,0,0,0,0
2018,Fulham,Wolves,D,1,1,0,0
2018,Leicester,Manchester City,H,2,1,1,1
2018,Liverpool,Newcastle United,H,4,0,1,0
2018,Manchester United,Huddersfield,H,3,1,1,0
2018,Tottenham,Bournemouth,H,5,0,3,0
2018,Watford,Chelsea,A,1,2,1,1
2018,Southampton,West Ham,A,1,2,0,0
2018,Brighton,Everton,H,1,0,0,0
2018,Fulham,Huddersfield,H,1,0,0,0
2018,Leicester,Cardiff,A,0,1,0,0
2018,Liverpool,Arsenal,H,5,1,4,1
2018,Tottenham,Wolves,A,1,3,1,0
2018,Watford,Newcastle United,D,1,1,0,1
2018,Burnley,West Ham,H,2,0,2,0
2018,Crystal Palace,Chelsea,A,0,1,0,0
2018,Manchester United,Bournemouth,H,4,1,3,1
2018,Southampton,Manchester City,A,1,3,1,3
2018,Arsenal,Fulham,H,4,1,1,0
2018,Cardiff,Tottenham,A,0,3,0,3
2018,Everton,Leicester,A,0,1,0,0
2018,Bournemouth,Watford,D,3,3,3,3
2018,Chelsea,Southampton,D,0,0,0,0
2018,Huddersfield,Burnley,A,1,2,1,1
2018,Newcastle United,Manchester United,A,0,2,0,0
2018,West Ham,Brighton,D,2,2,0,0
2018,Wolves,Crystal Palace,A,0,2,0,0
2018,Manchester City,Liverpool,H,2,1,1,0
2018,Brighton,Liverpool,A,0,1,0,0
2018,Burnley,Fulham,H,2,1,2,1
2018,Cardiff,Huddersfield,D,0,0,0,0
2018,Chelsea,Newcastle United,H,2,1,1,1
2018,Crystal Palace,Watford,A,1,2,1,0
2018,Leicester,Southampton,A,1,2,0,2
2018,West Ham,Arsenal,H,1,0,0,0
2018,Everton,Bournemouth,H,2,0,0,0
2018,Tottenham,Manchester United,A,0,1,0,1
2018,Manchester City,Wolves,H,3,0,2,0
2018,Arsenal,Chelsea,H,2,0,2,0
2018,Bournemouth,West Ham,H,2,0,0,0
2018,Liverpool,Crystal Palace,H,4,3,0,1
2018,Manchester United,Brighton,H,2,1,2,0
2018,Newcastle United,Cardiff,H,3,0,1,0
2018,Southampton,Everton,H,2,1,0,0
2018,Watford,Burnley,D,0,0,0,0
2018,Wolves,Leicester,H,4,3,2,0
2018,Fulham,Tottenham,A,1,2,1,0
2018,Huddersfield,Manchester City,A,0,3,0,1
2018,Arsenal,Cardiff,H,2,1,0,0
2018,Fulham,Brighton,H,4,2,0,2
2018,Huddersfield,Everton,A,0,1,0,1
2018,Manchester United,Burnley,D,2,2,0,0
2018,Newcastle United,Manchester City,H,2,1,0,1
2018,Wolves,West Ham,H,3,0,0,0
2018,Bournemouth,Chelsea,H,4,0,0,0
2018,Liverpool,Leicester,D,1,1,1,1
2018,Southampton,Crystal Palace,D,1,1,0,1
2018,Tottenham,Watford,H,2,1,0,1
2018,Brighton,Watford,D,0,0,0,0
2018,Burnley,Southampton,D,1,1,0,0
2018,Cardiff,Bournemouth,H,2,0,1,0
2018,Chelsea,Huddersfield,H,5,0,2,0
2018,Crystal Palace,Fulham,H,2,0,1,0
2018,Everton,Wolves,A,1,3,1,2
2018,Tottenham,Newcastle United,H,1,0,0,0
2018,Leicester,Manchester United,A,0,1,0,1
2018,Manchester City,Arsenal,H,3,1,2,1
2018,West Ham,Liverpool,D,1,1,1,1
2018,Everton,Manchester City,A,0,2,0,1
2018,Brighton,Burnley,A,1,3,0,1
2018,Crystal Palace,West Ham,D,1,1,0,1
2018,Fulham,Manchester United,A,0,3,0,2
2018,Huddersfield,Arsenal,A,1,2,0,2
2018,Liverpool,Bournemouth,H,3,0,2,0
2018,Southampton,Cardiff,A,1,2,0,0
2018,Watford,Everton,H,1,0,0,0
2018,Manchester City,Chelsea,H,6,0,4,0
2018,Tottenham,Leicester,H,3,1,1,0
2018,Wolves,Newcastle United,D,1,1,0,0
2018,Cardiff,Watford,A,1,5,0,1
2018,West Ham,Fulham,H,3,1,2,1
2018,Bournemouth,Wolves,D,1,1,1,0
2018,Burnley,Tottenham,H,2,1,0,0
2018,Leicester,Crystal Palace,A,1,4,0,1
2018,Newcastle United,Huddersfield,H,2,0,0,0
2018,Arsenal,Southampton,H,2,0,2,0
2018,Manchester United,Liverpool,D,0,0,0,0
2018,Cardiff,Everton,A,0,3,0,1
2018,Huddersfield,Wolves,H,1,0,0,0
2018,Leicester,Brighton,H,2,1,1,0
2018,Newcastle United,Burnley,H,2,0,2,0
2018,Arsenal,Bournemouth,H,5,1,2,1
2018,Chelsea,Tottenham,H,2,0,0,0
2018,Crystal Palace,Manchester United,A,1,3,0,1
2018,Liverpool,Watford,H,5,0,2,0
2018,Manchester City,West Ham,H,1,0,0,0
2018,Southampton,Fulham,H,2,0,2,0
2018,Bournemouth,Manchester City,A,0,1,0,0
2018,Brighton,Huddersfield,H,1,0,0,0
2018,Burnley,Crystal Palace,A,1,3,0,1
2018,Manchester United,Southampton,H,3,2,0,1
2018,Tottenham,Arsenal,D,1,1,0,1
2018,West Ham,Newcastle United,H,2,0,2,0
2018,Wolves,Cardiff,H,2,0,2,0
2018,Everton,Liverpool,D,0,0,0,0
2018,Fulham,Chelsea,A,1,2,1,2
2018,Watford,Leicester,H,2,1,1,0
2018,Cardiff,West Ham,H,2,0,1,0
2018,Crystal Palace,Brighton,A,1,2,0,1
2018,Huddersfield,Bournemouth,A,0,2,0,1
2018,Leicester,Fulham,H,3,1,1,0
2018,Manchester City,Watford,H,3,1,0,0
2018,Newcastle United,Everton,H,3,2,0,2
2018,Southampton,Tottenham,H,2,1,0,1
2018,Arsenal,Manchester United,H,2,0,1,0
2018,Chelsea,Wolves,D,1,1,0,0
2018,Liverpool,Burnley,H,4,2,2,1
2018,Bournemouth,Newcastle United,D,2,2,0,1
2018,Burnley,Leicester,A,1,2,1,1
2018,West Ham,Huddersfield,H,4,3,1,2
2018,Everton,Chelsea,H,2,0,0,0
2018,Fulham,Liverpool,A,1,2,0,1
2018,Brighton,Southampton,A,0,1,0,0
2018,Burnley,Wolves,H,2,0,1,0
2018,Crystal Palace,Huddersfield,H,2,0,0,0
2018,Fulham,Manchester City,A,0,2,0,2
2018,Leicester,Bournemouth,H,2,0,1,0
2018,Manchester United,Watford,H,2,1,1,0
2018,West Ham,Everton,A,0,2,0,2
2018,Cardiff,Chelsea,A,1,2,0,0
2018,Liverpool,Tottenham,H,2,1,1,0
2018,Arsenal,Newcastle United,H,2,0,1,0
2018,Watford,Fulham,H,4,1,1,1
2018,Wolves,Manchester United,H,2,1,1,1
2018,Chelsea,Brighton,H,3,0,1,0
2018,Manchester City,Cardiff,H,2,0,2,0
2018,Tottenham,Crystal Palace,H,2,0,0,0
2018,Southampton,Liverpool,A,1,3,1,1
2018,Bournemouth,Burnley,A,1,3,1,2
2018,Huddersfield,Leicester,A,1,4,0,1
2018,Newcastle United,Crystal Palace,A,0,1,0,0
2018,Everton,Arsenal,H,1,0,1,0
2018,Chelsea,West Ham,H,2,0,1,0
2018,Leicester,Newcastle United,A,0,1,0,1
2018,Brighton,Bournemouth,A,0,5,0,1
2018,Burnley,Cardiff,H,2,0,1,0
2018,Fulham,Everton,H,2,0,0,0
2018,Manchester United,West Ham,H,2,1,1,0
2018,Southampton,Wolves,H,3,1,2,1
2018,Tottenham,Huddersfield,H,4,0,2,0
2018,Crystal Palace,Manchester City,A,1,3,0,1
2018,Liverpool,Chelsea,H,2,0,0,0
2018,Watford,Arsenal,A,0,1,0,1
2018,Brighton,Cardiff,A,0,2,0,1
2018,Bournemouth,Fulham,A,0,1,0,0
2018,Huddersfield,Watford,A,1,2,0,1
2018,Manchester City,Tottenham,H,1,0,1,0
2018,Newcastle United,Southampton,H,3,1,2,0
2018,West Ham,Leicester,D,2,2,1,0
2018,Wolves,Brighton,D,0,0,0,0
2018,Arsenal,Crystal Palace,A,2,3,0,1
2018,Cardiff,Liverpool,A,0,2,0,0
2018,Everton,Manchester United,H,4,0,2,0
2018,Chelsea,Burnley,D,2,2,2,2
2018,Tottenham,Brighton,H,1,0,0,0
2018,Watford,Southampton,D,1,1,0,1
2018,Manchester United,Manchester City,A,0,2,0,0
2018,Wolves,Arsenal,H,3,1,3,0
2018,Liverpool,Huddersfield,H,5,0,3,0
2018,Brighton,Newcastle United,D,1,1,0,1
2018,Crystal Palace,Everton,D,0,0,0,0
2018,Fulham,Cardiff,H,1,0,0,0
2018,Southampton,Bournemouth,D,3,3,1,2
2018,Tottenham,West Ham,A,0,1,0,0
2018,Watford,Wolves,A,1,2,0,1
2018,Burnley,Manchester City,A,0,1,0,0
2018,Leicester,Arsenal,H,3,0,0,0
2018,Manchester United,Chelsea,D,1,1,1,1
2018,Everton,Burnley,H,2,0,2,0
2018,Bournemouth,Tottenham,H,1,0,0,0
2018,Cardiff,Crystal Palace,A,2,3,1,2
2018,Newcastle United,Liverpool,A,2,3,1,2
2018,West Ham,Southampton,H,3,0,1,0
2018,Wolves,Fulham,H,1,0,0,0
2018,Arsenal,Brighton,D,1,1,1,0
2018,Chelsea,Watford,H,3,0,0,0
2018,Huddersfield,Manchester United,D,1,1,0,1
2018,Manchester City,Leicester,H,1,0,0,0
2018,Brighton,Manchester City,A,1,4,1,2
2018,Burnley,Arsenal,A,1,3,0,0
2018,Crystal Palace,Bournemouth,H,5,3,3,1
2018,Fulham,Newcastle United,A,0,4,0,2
2018,Leicester,Chelsea,D,0,0,0,0
2018,Liverpool,Wolves,H,2,0,1,0
2018,Manchester United,Cardiff,A,0,2,0,1
2018,Southampton,Huddersfield,D,1,1,1,0
2018,Tottenham,Everton,D,2,2,1,0
2018,Watford,West Ham,A,1,4,0,2
2019,Liverpool,Norwich,H,4,1,4,0
2019,West Ham,Manchester City,A,0,5,0,1
2019,Bournemouth,Sheffield United,D,1,1,0,0
2019,Burnley,Southampton,H,3,0,0,0
2019,Crystal Palace,Everton,D,0,0,0,0
2019,Watford,Brighton,A,0,3,0,1
2019,Tottenham,Aston Villa,H,3,1,0,1
2019,Leicester,Wolves,D,0,0,0,0
2019,Newcastle United,Arsenal,A,0,1,0,0
2019,Manchester United,Chelsea,H,4,0,1,0
2019,Arsenal,Burnley,H,2,1,1,1
2019,Aston Villa,Bournemouth,A,1,2,0,2
2019,Brighton,West Ham,D,1,1,0,0
2019,Everton,Watford,H,1,0,1,0
2019,Norwich,Newcastle United,H,3,1,1,0
2019,Southampton,Liverpool,A,1,2,0,1
2019,Manchester City,Tottenham,D,2,2,2,1
2019,Sheffield United,Crystal Palace,H,1,0,0,0
2019,Chelsea,Leicester,D,1,1,1,0
2019,Wolves,Manchester United,D,1,1,0,1
2019,Aston Villa,Everton,H,2,0,1,0
2019,Norwich,Chelsea,A,2,3,2,2
2019,Brighton,Southampton,A,0,2,0,0
2019,Manchester United,Crystal Palace,A,1,2,0,1
2019,Sheffield United,Leicester,A,1,2,0,1
2019,Watford,West Ham,A,1,3,1,1
2019,Liverpool,Arsenal,H,3,1,1,0
2019,Bournemouth,Manchester City,A,1,3,1,2
2019,Tottenham,Newcastle United,A,0,1,0,1
2019,Wolves,Burnley,D,1,1,0,1
2019,Southampton,Manchester United,D,1,1,0,1
2019,Chelsea,Sheffield United,D,2,2,2,0
2019,Crystal Palace,Aston Villa,H,1,0,0,0
2019,Leicester,Bournemouth,H,3,1,2,1
2019,Manchester City,Brighton,H,4,0,2,0
2019,Newcastle United,Watford,D,1,1,1,1
2019,West Ham,Norwich,H,2,0,1,0
2019,Burnley,Liverpool,A,0,3,0,2
2019,Everton,Wolves,H,3,2,2,1
2019,Arsenal,Tottenham,D,2,2,1,2
2019,Liverpool,Newcastle United,H,3,1,2,1
2019,Brighton,Burnley,D,1,1,0,0
2019,Manchester United,Leicester,H,1,0,1,0
2019,Sheffield United,Southampton,A,0,1,0,0
2019,Tottenham,Crystal Palace,H,4,0,4,0
2019,Wolves,Chelsea,A,2,5,0,3
2019,Norwich,Manchester City,H,3,2,2,1
2019,Bournemouth,Everton,H,3,1,1,1
2019,Watford,Arsenal,D,2,2,0,2
2019,Aston Villa,West Ham,D,0,0,0,0
2019,Southampton,Bournemouth,A,1,3,0,2
2019,Leicester,Tottenham,H,2,1,0,1
2019,Burnley,Norwich,H,2,0,2,0
2019,Everton,Sheffield United,A,0,2,0,1
2019,Manchester City,Watford,H,8,0,5,0
2019,Newcastle United,Brighton,D,0,0,0,0
2019,Crystal Palace,Wolves,D,1,1,0,0
2019,West Ham,Manchester United,H,2,0,1,0
2019,Arsenal,Aston Villa,H,3,2,0,1
2019,Chelsea,Liverpool,A,1,2,0,2
2019,Sheffield United,Liverpool,A,0,1,0,0
2019,Aston Villa,Burnley,D,2,2,1,0
2019,Bournemouth,West Ham,D,2,2,1,1
2019,Chelsea,Brighton,H,2,0,0,0
2019,Crystal Palace,Norwich,H,2,0,1,0
2019,Tottenham,Southampton,H,2,1,2,1
2019,Wolves,Watford,H,2,0,1,0
2019,Everton,Manchester City,A,1,3,1,1
2019,Leicester,Newcastle United,H,5,0,1,0
2019,Manchester United,Arsenal,D,1,1,1,0
2019,Brighton,Tottenham,H,3,0,2,0
2019,Burnley,Everton,H,1,0,0,0
2019,Liverpool,Leicester,H,2,1,1,0
2019,Norwich,Aston Villa,A,1,5,0,2
2019,Watford,Sheffield United,D,0,0,0,0
2019,West Ham,Crystal Palace,A,1,2,0,0
2019,Arsenal,Bournemouth,H,1,0,1,0
2019,Manchester City,Wolves,A,0,2,0,0
2019,Southampton,Chelsea,A,1,4,1,3
2019,Newcastle United,Manchester United,H,1,0,0,0
2019,Everton,West Ham,H,2,0,1,0
2019,Aston Villa,Brighton,H,2,1,1,1
2019,Bournemouth,Norwich,D,0,0,0,0
2019,Chelsea,Newcastle United,H,1,0,0,0
2019,Leicester,Burnley,H,2,1,1,1
2019,Tottenham,Watford,D,1,1,0,1
2019,Wolves,Southampton,D,1,1,0,0
2019,Crystal Palace,Manchester City,A,0,2,0,2
2019,Manchester United,Liverpool,D,1,1,1,0
2019,Sheffield United,Arsenal,H,1,0,1,0
2019,Southampton,Leicester,A,0,9,0,5
2019,Manchester City,Aston Villa,H,3,0,0,0
2019,Brighton,Everton,H,3,2,1,1
2019,Watford,Bournemouth,D,0,0,0,0
2019,West Ham,Sheffield United,D,1,1,1,0
2019,Burnley,Chelsea,A,2,4,0,2
2019,Newcastle United,Wolves,D,1,1,1,0
2019,Arsenal,Crystal Palace,D,2,2,2,1
2019,Liverpool,Tottenham,H,2,1,0,1
2019,Norwich,Manchester United,A,1,3,0,2
2019,Bournemouth,Manchester United,H,1,0,1,0
2019,Arsenal,Wolves,D,1,1,1,0
2019,Aston Villa,Liverpool,A,1,2,1,0
2019,Brighton,Norwich,H,2,0,0,0
2019,Manchester City,Southampton,H,2,1,0,1
2019,Sheffield United,Burnley,H,3,0,3,0
2019,West Ham,Newcastle United,A,2,3,0,2
2019,Watford,Chelsea,A,1,2,0,1
2019,Crystal Palace,Leicester,A,0,2,0,0
2019,Everton,Tottenham,D,1,1,0,0
2019,Norwich,Watford,A,0,2,0,1
2019,Chelsea,Crystal Palace,H,2,0,0,0
2019,Burnley,West Ham,H,3,0,2,0
2019,Newcastle United,Bournemouth,H,2,1,1,1
2019,Southampton,Everton,A,1,2,0,1
2019,Tottenham,Sheffield United,D,1,1,0,0
2019,Leicester,Arsenal,H,2,0,0,0
2019,Manchester United,Brighton,H,3,1,2,0
2019,Wolves,Aston Villa,H,2,1,1,0
2019,Liverpool,Manchester City,H,3,1,2,0
2019,West Ham,Tottenham,A,2,3,0,2
2019,Arsenal,Southampton,D,2,2,1,1
2019,Bournemouth,Wolves,A,1,2,0,2
2019,Brighton,Leicester,A,0,2,0,0
2019,Crystal Palace,Liverpool,A,1,2,0,0
2019,Everton,Norwich,A,0,2,0,0
2019,Watford,Burnley,A,0,3,0,0
2019,Manchester City,Chelsea,H,2,1,2,1
2019,Sheffield United,Manchester United,D,3,3,1,0
2019,Aston Villa,Newcastle United,H,2,0,2,0
2019,Newcastle United,Manchester City,D,2,2,1,1
2019,Burnley,Crystal Palace,A,0,2,0,1
2019,Chelsea,West Ham,A,0,1,0,0
2019,Liverpool,Brighton,H,2,1,2,0
2019,Tottenham,Bournemouth,H,3,2,1,0
2019,Southampton,Watford,H,2,1,0,1
2019,Norwich,Arsenal,D,2,2,2,1
2019,Wolves,Sheffield United,D,1,1,0,1
2019,Leicester,Everton,H,2,1,0,1
2019,Manchester United,Aston Villa,D,2,2,1,1
2019,Crystal Palace,Bournemouth,H,1,0,0,0
2019,Burnley,Manchester City,A,1,4,0,1
2019,Chelsea,Aston Villa,H,2,1,1,1
2019,Leicester,Watford,H,2,0,0,0
2019,Manchester United,Tottenham,H,2,1,1,1
2019,Southampton,Norwich,H,2,1,2,0
2019,Wolves,West Ham,H,2,0,1,0
2019,Liverpool,Everton,H,5,2,4,2
2019,Sheffield United,Newcastle United,A,0,2,0,1
2019,Arsenal,Brighton,A,1,2,0,1
2019,Everton,Chelsea,H,3,1,1,0
2019,Bournemouth,Liverpool,A,0,3,0,2
2019,Tottenham,Burnley,H,5,0,3,0
2019,Watford,Crystal Palace,D,0,0,0,0
2019,Manchester City,Manchester United,A,1,2,0,2
2019,Aston Villa,Leicester,A,1,4,1,2
2019,Newcastle United,Southampton,H,2,1,0,0
2019,Norwich,Sheffield United,A,1,2,1,0
2019,Brighton,Wolves,D,2,2,2,2
2019,West Ham,Arsenal,A,1,3,1,0
2019,Liverpool,Watford,H,2,0,1,0
2019,Burnley,Newcastle United,H,1,0,0,0
2019,Chelsea,Bournemouth,A,0,1,0,0
2019,Leicester,Norwich,D,1,1,1,1
2019,Sheffield United,Aston Villa,H,2,0,0,0
2019,Southampton,West Ham,A,0,1,0,1
2019,Manchester United,Everton,D,1,1,0,1
2019,Wolves,Tottenham,A,1,2,0,1
2019,Arsenal,Manchester City,A,0,3,0,3
2019,Crystal Palace,Brighton,D,1,1,0,0
2019,Everton,Arsenal,D,0,0,0,0
2019,Aston Villa,Southampton,A,1,3,0,2
2019,Bournemouth,Burnley,A,0,1,0,0
2019,Brighton,Sheffield United,A,0,1,0,1
2019,Newcastle United,Crystal Palace,H,1,0,0,0
2019,Norwich,Wolves,A,1,2,1,0
2019,Manchester City,Leicester,H,3,1,2,1
2019,Watford,Manchester United,H,2,0,0,0
2019,Tottenham,Chelsea,A,0,2,0,2
2019,Tottenham,Brighton,H,2,1,0,1
2019,Aston Villa,Norwich,H,1,0,0,0
2019,Bournemouth,Arsenal,D,1,1,1,0
2019,Chelsea,Southampton,A,0,2,0,1
2019,Crystal Palace,West Ham,H,2,1,0,0
2019,Everton,Burnley,H,1,0,0,0
2019,Sheffield United,Watford,D,1,1,1,1
2019,Manchester United,Newcastle United,H,4,1,3,1
2019,Leicester,Liverpool,A,0,4,0,1
2019,Wolves,Manchester City,H,3,2,0,1
2019,Brighton,Bournemouth,H,2,0,1,0
2019,Newcastle United,Everton,A,1,2,0,1
2019,Southampton,Crystal Palace,D,1,1,0,0
2019,Watford,Aston Villa,H,3,0,1,0
2019,Norwich,Tottenham,D,2,2,1,0
2019,West Ham,Leicester,A,1,2,1,1
2019,Burnley,Manchester United,A,0,2,0,1
2019,Arsenal,Chelsea,A,1,2,1,0
2019,Liverpool,Wolves,H,1,0,1,0
2019,Manchester City,Sheffield United,H,2,0,0,0
2019,Brighton,Chelsea,D,1,1,0,1
2019,Burnley,Aston Villa,A,1,2,0,2
2019,Newcastle United,Leicester,A,0,3,0,2
2019,Southampton,Tottenham,H,1,0,1,0
2019,Watford,Wolves,H,2,1,1,0
2019,Manchester City,Everton,H,2,1,0,0
2019,Norwich,Crystal Palace,D,1,1,1,0
2019,West Ham,Bournemouth,H,4,0,3,0
2019,Arsenal,Manchester United,H,2,0,2,0
2019,Liverpool,Sheffield United,H,2,0,1,0
2019,Sheffield United,West Ham,H,1,0,0,0
2019,Crystal Palace,Arsenal,D,1,1,0,1
2019,Chelsea,Burnley,H,3,0,2,0
2019,Everton,Brighton,H,1,0,1,0
2019,Leicester,Southampton,A,1,2,1,1
2019,Manchester United,Norwich,H,4,0,1,0
2019,Wolves,Newcastle United,D,1,1,1,1
2019,Tottenham,Liverpool,A,0,1,0,1
2019,Bournemouth,Watford,A,0,3,0,1
2019,Aston Villa,Manchester City,A,1,6,0,4
2019,Watford,Tottenham,D,0,0,0,0
2019,Arsenal,Sheffield United,D,1,1,1,0
2019,Brighton,Aston Villa,D,1,1,1,0
2019,Manchester City,Crystal Palace,D,2,2,0,1
2019,Norwich,Bournemouth,H,1,0,1,0
2019,Southampton,Wolves,A,2,3,2,0
2019,West Ham,Everton,D,1,1,1,1
2019,Newcastle United,Chelsea,H,1,0,0,0
2019,Burnley,Leicester,H,2,1,0,1
2019,Liverpool,Manchester United,H,2,0,1,0
2019,Aston Villa,Watford,H,2,1,0,1
2019,Bournemouth,Brighton,H,3,1,2,0
2019,Crystal Palace,Southampton,A,0,2,0,1
2019,Everton,Newcastle United,D,2,2,1,0
2019,Sheffield United,Manchester City,A,0,1,0,0
2019,Chelsea,Arsenal,D,2,2,1,0
2019,Leicester,West Ham,H,4,1,2,0
2019,Tottenham,Norwich,H,2,1,1,0
2019,Manchester United,Burnley,A,0,2,0,1
2019,Wolves,Liverpool,A,1,2,0,1
2019,West Ham,Liverpool,A,0,2,0,1
2019,Leicester,Chelsea,D,2,2,0,0
2019,Bournemouth,Aston Villa,H,2,1,2,0
2019,Crystal Palace,Sheffield United,A,0,1,0,0
2019,Liverpool,Southampton,H,4,0,0,0
2019,Newcastle United,Norwich,D,0,0,0,0
2019,Watford,Everton,A,2,3,2,2
2019,West Ham,Brighton,D,3,3,2,0
2019,Manchester United,Wolves,D,0,0,0,0
2019,Burnley,Arsenal,D,0,0,0,0
2019,Tottenham,Manchester City,H,2,0,0,0
2019,Everton,Crystal Palace,H,3,1,1,0
2019,Brighton,Watford,D,1,1,0,1
2019,Sheffield United,Bournemouth,H,2,1,1,1
2019,Wolves,Leicester,D,0,0,0,0
2019,Southampton,Burnley,A,1,2,1,1
2019,Norwich,Liverpool,A,0,1,0,0
2019,Aston Villa,Tottenham,A,2,3,1,2
2019,Arsenal,Newcastle United,H,4,0,0,0
2019,Chelsea,Manchester United,A,0,2,0,1
2019,Manchester City,West Ham,H,2,0,1,0
